Index (sec),latitude,longitude,elevation,time_gps,speed,sat,sys_time,sim_state,net_op_name,net_op_code,roaming,net_type,call_state,data_state,data_act,data_rx,data_tx,gsm_neighbors,umts_neighbors,lte_neighbors,rssi_strongest,tech,mcc,mnc,lac_tac,node_id,cid,psc_pci,rssi,rsrq,rssnr,slev,gps,accuracy,lat,long,band,arfcn,Network Throughput,Time tcp,Throughput tcp,Predicted Throughput
1,22.31380159,87.31019625,-6,17:11:45,0.0,15,17:11:45,READY,airtel,40551.0,0,LTE,IDLE,CONNECTED,INOUT,16823212,1052020,0,1,2,-118,LTE,405,51,42,62289,2,336,-106,-8,14,2,0,-1,-1,-1,1800,1566,24588,17:11:45,25272,21513.395833333332
2,22.313801899999998,87.31019601,-5,17:11:46,0.0,15,17:11:46,READY,airtel,40551.0,0,LTE,IDLE,CONNECTED,OUT,16833932,1052288,0,1,2,-118,LTE,405,51,42,62289,2,336,-106,-8,14,2,0,-1,-1,-1,1800,1566,0,17:11:46,0,3514.0625
3,22.31380245,87.31019611,-6,17:11:47,0.0,14,17:11:47,READY,airtel,40551.0,0,LTE,IDLE,CONNECTED,INOUT,16844652,1052608,0,1,3,-117,LTE,405,51,42,62289,2,336,-113,-12,14,2,0,-1,-1,-1,1800,1566,10988,17:11:47,15572,109994.0625
4,22.31380276,87.31019605,-6,17:11:48,0.0,14,17:11:48,READY,airtel,40551.0,0,LTE,IDLE,CONNECTED,NONE,16844712,1052806,0,1,3,-117,LTE,405,51,42,62289,2,336,-113,-12,14,2,0,-1,-1,-1,1800,1566,11040,17:11:48,7148,109994.0625
5,22.3138028,87.31019591,-6,17:11:49,0.0,14,17:11:49,READY,airtel,40551.0,0,LTE,IDLE,CONNECTED,INOUT,16882232,1053834,0,1,3,-117,LTE,405,51,42,62289,2,336,-113,-12,14,2,0,-1,-1,-1,1800,1566,258,17:11:49,3146,109994.0625
6,22.31380252,87.31019482,-5,17:11:50,0.18,14,17:11:50,READY,airtel,40551.0,0,LTE,IDLE,CONNECTED,INOUT,16899652,1054874,0,1,3,-121,LTE,405,51,42,62289,2,336,-112,-10,14,2,0,-1,-1,-1,1800,1566,38548,17:11:50,38360,333407.6588541667
7,22.31380247,87.31018828,-7,17:11:51,0.59,15,17:11:51,READY,airtel,40551.0,0,LTE,IDLE,CONNECTED,INOUT,16900992,1054954,0,1,3,-121,LTE,405,51,42,62289,2,336,-112,-10,14,2,0,-1,-1,-1,1800,1566,18460,17:11:51,19136,228239.33593749997
8,22.31380315,87.3101787,-7,17:11:52,0.83,15,17:11:52,READY,airtel,40551.0,0,LTE,IDLE,CONNECTED,NONE,16900992,1054954,0,1,4,-121,LTE,405,51,42,62289,2,336,-112,-10,14,2,0,-1,-1,-1,1800,1566,1420,17:11:52,0,174624.5
9,22.31380377,87.31016802,-6,17:11:53,0.95,15,17:11:53,READY,airtel,40551.0,0,LTE,IDLE,CONNECTED,NONE,16900992,1055100,0,1,4,-121,LTE,405,51,42,62289,2,336,-112,-10,14,2,0,-1,-1,-1,1800,1566,0,17:11:53,0,156668.71875
10,22.31380387,87.31015613,-6,17:11:54,1.04,15,17:11:54,READY,airtel,40551.0,0,LTE,IDLE,CONNECTED,OUT,16902332,1055180,0,1,4,-121,LTE,405,51,42,62289,2,336,-112,-10,14,2,0,-1,-1,-1,1800,1566,146,17:11:54,174,513.0
11,22.31380418,87.3101437,-6,17:11:55,1.06,15,17:11:55,READY,airtel,40551.0,0,LTE,IDLE,CONNECTED,INOUT,16902332,1055180,0,1,5,-120,LTE,405,51,42,62289,2,336,-113,-11,14,2,0,-1,-1,-1,1800,1566,1420,17:11:55,1472,79235.625
12,22.31380334,87.31013126,-5,17:11:56,1.2,16,17:11:56,READY,airtel,40551.0,0,LTE,IDLE,CONNECTED,NONE,16914444,1055684,0,1,5,-120,LTE,405,51,42,62289,2,336,-113,-11,14,2,0,-1,-1,-1,1800,1566,0,17:11:56,0,57170.65625
13,22.31380137,87.31011835,-5,17:11:57,1.32,15,17:11:57,READY,airtel,40551.0,0,LTE,IDLE,CONNECTED,INOUT,16926504,1056152,0,1,5,-121,LTE,405,51,42,62289,2,336,-110,-9,14,2,0,-1,-1,-1,1800,1566,12616,17:11:57,17440,142551.59375
14,22.31380036,87.31010353,-6,17:11:58,1.47,15,17:11:58,READY,airtel,40551.0,0,LTE,IDLE,CONNECTED,INOUT,16929184,1056256,0,1,5,-121,LTE,405,51,42,62289,2,336,-110,-9,14,2,0,-1,-1,-1,1800,1566,12528,17:11:58,10108,114194.9375
15,22.3137995,87.31008755,-6,17:11:59,1.49,14,17:11:59,READY,airtel,40551.0,0,LTE,IDLE,CONNECTED,INOUT,16961344,1057504,0,1,5,-121,LTE,405,51,42,62289,2,336,-110,-9,14,2,0,-1,-1,-1,1800,1566,2784,17:11:59,2888,69222.3125
16,22.3137992,87.31007064,-6,17:12:00,1.62,13,17:12:00,READY,airtel,40551.0,0,LTE,IDLE,CONNECTED,INOUT,16974744,1058024,0,1,3,-121,LTE,405,51,42,62289,2,336,-112,-10,14,2,0,-1,-1,-1,1800,1566,33408,17:12:00,33212,268858.34375
17,22.31379912,87.31005345,-6,17:12:01,1.62,13,17:12:01,READY,airtel,40551.0,0,LTE,IDLE,CONNECTED,INOUT,16974744,1058024,0,1,3,-121,LTE,405,51,42,62289,2,336,-112,-10,14,2,0,-1,-1,-1,1800,1566,13920,17:12:01,14440,268858.34375
18,22.31379877,87.31003514,-6,17:12:02,1.77,13,17:12:02,READY,airtel,40551.0,0,LTE,IDLE,CONNECTED,NONE,16977424,1058128,0,1,3,-121,LTE,405,51,42,62289,2,336,-112,-10,14,2,0,-1,-1,-1,1800,1566,0,17:12:02,0,139172.6979166667
19,22.31379767,87.31001592,-6,17:12:03,1.87,12,17:12:03,READY,airtel,40551.0,0,LTE,IDLE,CONNECTED,INOUT,16978764,1058208,0,1,4,-120,LTE,405,51,42,62289,2,336,-112,-10,14,2,0,-1,-1,-1,1800,1566,2784,17:12:03,2888,229832.42708333334
20,22.313796399999998,87.30999613,-6,17:12:04,1.95,11,17:12:04,READY,airtel,40551.0,0,LTE,IDLE,CONNECTED,INOUT,16978764,1059548,0,1,4,-120,LTE,405,51,42,62289,2,336,-112,-10,14,2,0,-1,-1,-1,1800,1566,1420,17:12:04,1472,86039.75
21,22.31379481,87.30997761,-5,17:12:05,1.84,13,17:12:05,READY,airtel,40551.0,0,LTE,IDLE,CONNECTED,NONE,16978764,1059548,0,1,4,-120,LTE,405,51,42,62289,2,336,-112,-10,14,2,0,-1,-1,-1,1800,1566,1340,17:12:05,1368,162026.0625
22,22.31379332,87.30995853,-5,17:12:06,2.07,13,17:12:06,READY,airtel,40551.0,0,LTE,IDLE,CONNECTED,NONE,16978764,1059548,0,1,4,-123,LTE,405,51,42,62289,2,336,-114,-9,14,2,0,-1,-1,-1,1800,1566,0,17:12:06,0,133276.775
23,22.31379245,87.30993806,-5,17:12:07,2.1,14,17:12:07,READY,airtel,40551.0,0,LTE,IDLE,CONNECTED,DORMANT,16978764,1059548,0,1,4,-123,LTE,405,51,42,62289,2,336,-114,-9,14,2,0,-1,-1,-1,1800,1566,0,17:12:07,0,172367.675
24,22.31379141,87.30991851,-5,17:12:08,1.98,15,17:12:08,READY,airtel,40551.0,0,LTE,IDLE,CONNECTED,DORMANT,16978764,1059548,0,1,4,-123,LTE,405,51,42,62289,2,336,-114,-9,14,2,0,-1,-1,-1,1800,1566,0,17:12:08,0,172868.6875
25,22.31379031,87.309899,-5,17:12:09,2.07,15,17:12:09,READY,airtel,40551.0,0,LTE,IDLE,CONNECTED,DORMANT,16978764,1059548,8,0,1,-123,LTE,405,51,42,62289,2,336,-112,-9,14,2,0,-1,-1,-1,1800,1566,0,17:12:09,0,53437.0
26,22.31378912,87.30987983,-5,17:12:10,1.99,15,17:12:10,READY,airtel,40551.0,0,LTE,IDLE,CONNECTED,NONE,17013604,1060980,8,0,1,-123,LTE,405,51,42,62289,2,336,-112,-9,14,2,0,-1,-1,-1,1800,1566,0,17:12:10,1444,111722.75
27,22.31378781,87.30986103,-4,17:12:11,1.83,16,17:12:11,READY,airtel,40551.0,0,LTE,IDLE,CONNECTED,INOUT,17032364,1062100,8,0,1,-123,LTE,405,51,42,62289,2,336,-112,-9,14,2,0,-1,-1,-1,1800,1566,36272,17:12:11,39124,191843.625
28,22.31378655,87.30984165,-5,17:12:12,1.98,16,17:12:12,READY,airtel,40551.0,0,LTE,IDLE,CONNECTED,INOUT,17044424,1062820,0,1,2,-123,LTE,405,51,42,62289,2,336,-114,-9,14,2,0,-1,-1,-1,1800,1566,19880,17:12:12,19136,183049.375
29,22.31378758,87.30982067,-5,17:12:13,2.08,16,17:12:13,READY,airtel,40551.0,0,LTE,IDLE,CONNECTED,INOUT,17067204,1064087,0,1,2,-123,LTE,405,51,42,62289,2,336,-114,-9,14,2,0,-1,-1,-1,1800,1566,12780,17:12:13,13248,271362.7291666667
30,22.31378889,87.30979981,-5,17:12:14,2.04,16,17:12:14,READY,airtel,40551.0,0,LTE,IDLE,CONNECTED,INOUT,17091324,1065367,0,1,2,-123,LTE,405,51,42,62289,2,336,-114,-9,14,2,0,-1,-1,-1,1800,1566,24047,17:12:14,26399,325247.125
31,22.31379042,87.30977752,-5,17:12:15,2.18,16,17:12:15,READY,airtel,40551.0,0,LTE,IDLE,CONNECTED,INOUT,17100704,1065871,0,1,2,-123,LTE,405,51,42,62289,2,336,-115,-10,14,2,0,-1,-1,-1,1800,1566,25400,17:12:15,24888,104305.58333333334
32,22.31379112,87.30975292,-6,17:12:16,2.44,16,17:12:16,READY,airtel,40551.0,0,LTE,IDLE,CONNECTED,INOUT,17118124,1066871,0,1,2,-123,LTE,405,51,42,62289,2,336,-115,-10,14,2,0,-1,-1,-1,1800,1566,9884,17:12:16,10248,314022.53125
33,22.31379062,87.30972663,-6,17:12:17,2.5,16,17:12:17,READY,airtel,40551.0,0,LTE,IDLE,CONNECTED,INOUT,17124824,1067271,0,1,2,-123,LTE,405,51,42,62289,2,336,-115,-10,14,2,0,-1,-1,-1,1800,1566,18420,17:12:17,20576,440943.125
34,22.31378827,87.30970242,-6,17:12:18,2.24,16,17:12:18,READY,airtel,40551.0,0,LTE,IDLE,CONNECTED,INOUT,17124824,1067346,0,1,3,-124,LTE,405,51,42,62289,2,336,-114,-10,14,2,0,-1,-1,-1,1800,1566,7100,17:12:18,4416,101456.9625
35,22.31378527,87.30967951,-6,17:12:19,2.33,16,17:12:19,READY,airtel,40551.0,0,LTE,IDLE,CONNECTED,NONE,17127504,1067506,0,1,3,-124,LTE,405,51,42,62289,2,336,-114,-10,14,2,0,-1,-1,-1,1800,1566,75,17:12:19,103,80482.04166666666
36,22.31378172,87.30965536,-6,17:12:20,2.44,15,17:12:20,READY,airtel,40551.0,0,LTE,IDLE,CONNECTED,INOUT,17154304,1069002,0,1,3,-124,LTE,405,51,42,62289,2,336,-114,-10,14,2,0,-1,-1,-1,1800,1566,2840,17:12:20,2944,34373.0625
37,22.31377816,87.30963075,-5,17:12:21,2.39,15,17:12:21,READY,airtel,40551.0,0,LTE,IDLE,CONNECTED,INOUT,17163684,1069426,0,1,2,-127,LTE,405,51,42,62289,2,336,-116,-10,14,1,0,-1,-1,-1,1800,1566,28296,17:12:21,32248,292717.1875
38,22.31377528,87.30960644,-5,17:12:22,2.42,15,17:12:22,READY,airtel,40551.0,0,LTE,IDLE,CONNECTED,INOUT,17167704,1069582,0,1,2,-127,LTE,405,51,42,62289,2,336,-116,-10,14,1,0,-1,-1,-1,1800,1566,9804,17:12:22,7256,130618.5625
39,22.313772399999998,87.30958211,-5,17:12:23,2.38,13,17:12:23,READY,airtel,40551.0,0,LTE,IDLE,CONNECTED,INOUT,17167704,1069657,0,1,2,-127,LTE,405,51,42,62289,2,336,-116,-10,14,1,0,-1,-1,-1,1800,1566,4176,17:12:23,4332,305384.0
40,22.31376959,87.30955798,-4,17:12:24,2.44,12,17:12:24,READY,airtel,40551.0,0,LTE,IDLE,CONNECTED,NONE,17169044,1069737,0,1,2,-123,LTE,405,51,42,62289,2,336,-118,-11,14,1,0,-1,-1,-1,1800,1566,75,17:12:24,103,314022.53125
41,22.31376716,87.30953343,-4,17:12:25,2.48,12,17:12:25,READY,airtel,40551.0,0,LTE,IDLE,CONNECTED,INOUT,17169044,1069737,0,1,2,-123,LTE,405,51,42,62289,2,336,-118,-11,14,1,0,-1,-1,-1,1800,1566,1420,17:12:25,1472,233431.0
42,22.3137656,87.30950948,-4,17:12:26,2.47,12,17:12:26,READY,airtel,40551.0,0,LTE,IDLE,CONNECTED,NONE,17170384,1069789,0,1,2,-123,LTE,405,51,42,62289,2,336,-118,-11,14,1,0,-1,-1,-1,1800,1566,0,17:12:26,0,445179.3125
43,22.31376459,87.30948472,-4,17:12:27,2.5,11,17:12:27,READY,airtel,40551.0,0,LTE,IDLE,CONNECTED,INOUT,17179764,1070189,0,1,2,-123,LTE,405,51,42,62289,2,336,-117,-10,14,1,0,-1,-1,-1,1800,1566,1392,17:12:27,2888,440943.125
44,22.31376329,87.30945933,-4,17:12:28,2.55,11,17:12:28,READY,airtel,40551.0,0,LTE,IDLE,CONNECTED,INOUT,17189144,1070816,0,1,2,-123,LTE,405,51,42,62289,2,336,-117,-10,14,1,0,-1,-1,-1,1800,1566,9780,17:12:28,11636,184307.0
45,22.31376202,87.30943316,-4,17:12:29,2.52,11,17:12:29,READY,airtel,40551.0,0,LTE,IDLE,CONNECTED,INOUT,17190484,1070896,0,1,2,-123,LTE,405,51,42,62289,2,336,-117,-10,14,1,0,-1,-1,-1,1800,1566,10007,17:12:29,7463,239109.96875
46,22.31376252,87.30940452,-4,17:12:30,2.87,11,17:12:30,READY,airtel,40551.0,0,LTE,IDLE,CONNECTED,INOUT,17197184,1071296,0,1,2,-119,LTE,405,51,42,62289,2,336,-111,-8,14,2,0,-1,-1,-1,1800,1566,1420,17:12:30,1472,101264.1875
47,22.31376356,87.30937755,-4,17:12:31,2.32,11,17:12:31,READY,airtel,40551.0,0,LTE,IDLE,CONNECTED,INOUT,17207904,1071832,0,1,2,-119,LTE,405,51,42,62289,2,336,-111,-8,14,2,0,-1,-1,-1,1800,1566,7100,17:12:31,11752,107858.79166666666
48,22.31376422,87.30935354,-4,17:12:32,2.35,11,17:12:32,READY,airtel,40551.0,0,LTE,IDLE,CONNECTED,INOUT,17217284,1072280,0,1,2,-119,LTE,405,51,42,62289,2,336,-111,-8,14,2,0,-1,-1,-1,1800,1566,11256,17:12:32,7280,181734.4486607143
49,22.31376438,87.30932809,-4,17:12:33,2.52,12,17:12:33,READY,airtel,40551.0,0,LTE,IDLE,CONNECTED,INOUT,17229344,1072931,0,1,2,-118,LTE,405,51,42,62289,2,336,-114,-10,14,2,0,-1,-1,-1,1800,1566,9828,17:12:33,11648,442652.4375
50,22.31376374,87.30930129,-5,17:12:34,2.64,13,17:12:34,READY,airtel,40551.0,0,LTE,IDLE,CONNECTED,INOUT,17240064,1073443,0,1,2,-118,LTE,405,51,42,62289,2,336,-114,-10,14,2,0,-1,-1,-1,1800,1566,12711,17:12:34,11751,287731.3416666667
51,22.31376313,87.30927609999999,-5,17:12:35,2.43,13,17:12:35,READY,airtel,40551.0,0,LTE,IDLE,CONNECTED,INOUT,17244084,1073643,0,1,2,-118,LTE,405,51,42,62289,2,336,-114,-10,14,2,0,-1,-1,-1,1800,1566,11232,17:12:35,11648,359937.26666666666
52,22.31376158,87.30925348,-5,17:12:36,2.36,13,17:12:36,READY,airtel,40551.0,0,LTE,IDLE,CONNECTED,INOUT,17248104,1073875,0,1,3,-114,LTE,405,51,42,62289,2,336,-113,-11,14,2,0,-1,-1,-1,1800,1566,4220,17:12:36,4376,511477.375
53,22.31375957,87.30923053,-5,17:12:37,2.41,13,17:12:37,READY,airtel,40551.0,0,LTE,IDLE,CONNECTED,INOUT,17265524,1074811,0,1,3,-114,LTE,405,51,42,62289,2,336,-113,-11,14,2,0,-1,-1,-1,1800,1566,4252,17:12:37,5872,226584.0
54,22.31375626,87.30920763,-5,17:12:38,2.43,13,17:12:38,READY,airtel,40551.0,0,LTE,IDLE,CONNECTED,INOUT,17277584,1075446,0,1,3,-114,LTE,405,51,42,62289,2,336,-113,-11,14,2,0,-1,-1,-1,1800,1566,18356,17:12:38,19032,689068.75
55,22.31375406,87.30918262,-5,17:12:39,2.63,13,17:12:39,READY,airtel,40551.0,0,LTE,IDLE,CONNECTED,INOUT,17280264,1075550,0,1,3,-117,LTE,405,51,42,62289,2,336,-109,-9,14,2,0,-1,-1,-1,1800,1566,12695,17:12:39,11727,141175.33125
56,22.31375313,87.30915712,-5,17:12:40,2.6,13,17:12:40,READY,airtel,40551.0,0,LTE,IDLE,CONNECTED,INOUT,17280264,1075550,0,1,3,-117,LTE,405,51,42,62289,2,336,-109,-9,14,2,0,-1,-1,-1,1800,1566,2784,17:12:40,2888,102512.0
57,22.31375263,87.30913227,-6,17:12:41,2.53,13,17:12:41,READY,airtel,40551.0,0,LTE,IDLE,CONNECTED,NONE,17331184,1076746,0,1,3,-117,LTE,405,51,42,62289,2,336,-109,-9,14,2,0,-1,-1,-1,1800,1566,0,17:12:41,0,126313.25
58,22.31375178,87.3091089,-6,17:12:42,2.29,13,17:12:42,READY,airtel,40551.0,0,LTE,IDLE,CONNECTED,INOUT,17374064,1077630,0,1,2,-115,LTE,405,51,42,62289,2,336,-109,-10,14,2,0,-1,-1,-1,1800,1566,52116,17:12:42,60732,428241.625
59,22.31374908,87.30908716,-6,17:12:43,2.38,13,17:12:43,READY,airtel,40551.0,0,LTE,IDLE,CONNECTED,INOUT,17419624,1078641,0,1,2,-115,LTE,405,51,42,62289,2,336,-109,-10,14,2,0,-1,-1,-1,1800,1566,43764,17:12:43,40756,326173.25
60,22.31374631,87.30906458,-4,17:12:44,2.33,13,17:12:44,READY,airtel,40551.0,0,LTE,IDLE,CONNECTED,INOUT,17505384,1083493,0,1,2,-115,LTE,405,51,42,62289,2,336,-109,-10,14,2,0,-1,-1,-1,1800,1566,46571,17:12:44,49363,322778.125
61,22.31374296,87.30904251,-4,17:12:45,2.29,12,17:12:45,READY,airtel,40551.0,0,LTE,IDLE,CONNECTED,INOUT,17533800,1084717,0,1,3,-116,LTE,405,51,42,62289,2,336,-104,-7,14,3,0,-1,-1,-1,1800,1566,90612,17:12:45,91116,195899.0625
62,22.31374012,87.30902233,-4,17:12:46,2.16,13,17:12:46,READY,airtel,40551.0,0,LTE,IDLE,CONNECTED,INOUT,17553900,1085193,0,1,3,-116,LTE,405,51,42,62289,2,336,-104,-7,14,3,0,-1,-1,-1,1800,1566,29640,17:12:46,33500,123491.5
63,22.31373821,87.3090025,-3,17:12:47,2.13,13,17:12:47,READY,airtel,40551.0,0,LTE,IDLE,CONNECTED,INOUT,17688224,1088249,0,1,3,-116,LTE,405,51,42,62289,2,336,-104,-7,14,3,0,-1,-1,-1,1800,1566,20576,17:12:47,22632,152754.375
64,22.31373715,87.30898356,-3,17:12:48,1.95,13,17:12:48,READY,airtel,40551.0,0,LTE,IDLE,CONNECTED,INOUT,17712344,1089173,0,1,3,-115,LTE,405,51,42,62289,2,336,-103,-7,14,3,0,-1,-1,-1,1800,1566,137380,17:12:48,141496,424830.21875
65,22.31373646,87.30896435,-3,17:12:49,2.04,13,17:12:49,READY,airtel,40551.0,0,LTE,IDLE,CONNECTED,INOUT,17762702,1091923,0,1,3,-115,LTE,405,51,42,62289,2,336,-103,-7,14,3,0,-1,-1,-1,1800,1566,25044,17:12:49,24616,323238.6
66,22.31373491,87.30894578,-3,17:12:50,1.96,13,17:12:50,READY,airtel,40551.0,0,LTE,IDLE,CONNECTED,INOUT,17839702,1095446,0,1,3,-115,LTE,405,51,42,62289,2,336,-103,-7,14,3,0,-1,-1,-1,1800,1566,53108,17:12:50,56334,482280.09375
67,22.31373397,87.30892758,-3,17:12:51,2.01,13,17:12:51,READY,airtel,40551.0,0,LTE,IDLE,CONNECTED,INOUT,17881394,1096939,0,1,3,-111,LTE,405,51,42,62289,2,336,-105,-9,14,3,0,-1,-1,-1,1800,1566,80523,17:12:51,83507,370156.4
68,22.31373244,87.30890975,-3,17:12:52,1.67,13,17:12:52,READY,airtel,40551.0,0,LTE,IDLE,CONNECTED,INOUT,17906914,1098080,0,1,3,-111,LTE,405,51,42,62289,2,336,-105,-9,14,3,0,-1,-1,-1,1800,1566,43185,17:12:52,38917,109646.125
69,22.31373101,87.30889128,-4,17:12:53,1.95,15,17:12:53,READY,airtel,40551.0,0,LTE,IDLE,CONNECTED,INOUT,17906914,1098080,0,1,3,-111,LTE,405,51,42,62289,2,336,-105,-9,14,3,0,-1,-1,-1,1800,1566,26661,17:12:53,27477,508639.2875
70,22.31373042,87.30887221,-5,17:12:54,1.84,15,17:12:54,READY,airtel,40551.0,0,LTE,IDLE,CONNECTED,NONE,17952670,1099252,0,1,3,-113,LTE,405,51,42,62289,2,336,-105,-9,14,3,0,-1,-1,-1,1800,1566,0,17:12:54,0,454499.3125
71,22.31373016,87.30885414,-4,17:12:55,1.73,15,17:12:55,READY,airtel,40551.0,0,LTE,IDLE,CONNECTED,INOUT,17984933,1100951,0,1,3,-113,LTE,405,51,42,62289,2,336,-105,-9,14,3,0,-1,-1,-1,1800,1566,46928,17:12:55,53944,552277.625
72,22.31372966,87.30883585,-4,17:12:56,1.88,15,17:12:56,READY,airtel,40551.0,0,LTE,IDLE,CONNECTED,INOUT,18029774,1103185,0,1,3,-113,LTE,405,51,42,62289,2,336,-105,-9,14,3,0,-1,-1,-1,1800,1566,33962,17:12:56,35994,467342.38541666674
73,22.31372869,87.30881391,-4,17:12:57,2.29,15,17:12:57,READY,airtel,40551.0,0,LTE,IDLE,CONNECTED,INOUT,18062086,1104646,0,1,5,-113,LTE,405,51,42,62289,2,336,-104,-9,14,3,0,-1,-1,-1,1800,1566,47075,17:12:57,46827,217298.11666666667
74,22.31372688,87.3087909,-4,17:12:58,2.11,15,17:12:58,READY,airtel,40551.0,0,LTE,IDLE,CONNECTED,INOUT,18076886,1105554,0,1,5,-113,LTE,405,51,42,62289,2,336,-104,-9,14,3,0,-1,-1,-1,1800,1566,33773,17:12:58,32233,107846.125
75,22.313724,87.30876696,-4,17:12:59,2.24,15,17:12:59,READY,airtel,40551.0,0,LTE,IDLE,CONNECTED,INOUT,18086266,1106291,0,1,5,-113,LTE,405,51,42,62289,2,336,-104,-9,14,3,0,-1,-1,-1,1800,1566,15708,17:12:59,15133,238274.87499999997
76,22.31372186,87.30874218,-5,17:13:00,2.21,14,17:13:00,READY,airtel,40551.0,0,LTE,IDLE,CONNECTED,INOUT,18154806,1108111,0,1,4,-115,LTE,405,51,42,62289,2,336,-102,-7,14,3,0,-1,-1,-1,1800,1566,10117,17:13:00,14584,364590.375
77,22.31371998,87.30871638,-5,17:13:01,2.36,14,17:13:01,READY,airtel,40551.0,0,LTE,IDLE,CONNECTED,INOUT,18188861,1109069,0,1,4,-115,LTE,405,51,42,62289,2,336,-102,-7,14,3,0,-1,-1,-1,1800,1566,70360,17:13:01,74556,399626.875
78,22.31371858,87.30868928,-4,17:13:02,2.5,14,17:13:02,READY,airtel,40551.0,0,LTE,IDLE,CONNECTED,INOUT,18225041,1109849,0,1,3,-114,LTE,405,51,42,62289,2,336,-102,-8,14,3,0,-1,-1,-1,1800,1566,35013,17:13:02,38234,437686.0
79,22.31371529,87.30866214,-4,17:13:03,2.6,15,17:13:03,READY,airtel,40551.0,0,LTE,IDLE,CONNECTED,INOUT,18238441,1110137,0,1,3,-114,LTE,405,51,42,62289,2,336,-102,-8,14,3,0,-1,-1,-1,1800,1566,36960,17:13:03,31076,620703.75
80,22.31371238,87.30864005,-3,17:13:04,2.07,15,17:13:04,READY,airtel,40551.0,0,LTE,IDLE,CONNECTED,INOUT,18262561,1111065,0,1,3,-114,LTE,405,51,42,62289,2,336,-102,-8,14,3,0,-1,-1,-1,1800,1566,13688,17:13:04,15484,235647.875
81,22.31371146,87.30862502,-4,17:13:05,1.42,15,17:13:05,READY,airtel,40551.0,0,LTE,IDLE,CONNECTED,INOUT,18279981,1112179,0,1,3,-115,LTE,405,51,42,62289,2,336,-101,-6,14,3,0,-1,-1,-1,1800,1566,25048,17:13:05,28840,393131.6
82,22.31371037,87.30861169,-3,17:13:06,1.47,15,17:13:06,READY,airtel,40551.0,0,LTE,IDLE,CONNECTED,INOUT,18279981,1112179,0,1,3,-115,LTE,405,51,42,62289,2,336,-101,-6,14,3,0,-1,-1,-1,1800,1566,18534,17:13:06,13382,425883.875
83,22.31370966,87.30859111,-3,17:13:07,2.47,15,17:13:07,READY,airtel,40551.0,0,LTE,IDLE,CONNECTED,NONE,18284001,1112395,0,1,3,-115,LTE,405,51,42,62289,2,336,-101,-6,14,3,0,-1,-1,-1,1800,1566,0,17:13:07,0,121840.375
84,22.313708600000002,87.30856661,-3,17:13:08,2.27,15,17:13:08,READY,airtel,40551.0,0,LTE,IDLE,CONNECTED,INOUT,18301421,1113331,0,1,3,-119,LTE,405,51,42,62289,2,336,-106,-8,14,2,0,-1,-1,-1,1800,1566,4236,17:13:08,5856,481456.4979166667
85,22.31370872,87.30854373,-1,17:13:09,2.28,15,17:13:09,READY,airtel,40551.0,0,LTE,IDLE,CONNECTED,INOUT,18302761,1113403,0,1,3,-119,LTE,405,51,42,62289,2,336,-106,-8,14,2,0,-1,-1,-1,1800,1566,18356,17:13:09,17568,433729.5604166667
86,22.31370851,87.30851981,0,17:13:10,2.16,15,17:13:10,READY,airtel,40551.0,0,LTE,IDLE,CONNECTED,INOUT,18310801,1113835,0,1,3,-119,LTE,405,51,42,62289,2,336,-106,-8,14,2,0,-1,-1,-1,1800,1566,1412,17:13:10,4392,213109.77083333334
87,22.31370813,87.30849434,1,17:13:11,2.35,15,17:13:11,READY,airtel,40551.0,0,LTE,IDLE,CONNECTED,INOUT,18310801,1114013,0,1,3,-122,LTE,405,51,42,62289,2,336,-109,-8,14,2,0,-1,-1,-1,1800,1566,8472,17:13:11,5856,201718.8645833333
88,22.3137073,87.30846691,1,17:13:12,2.53,15,17:13:12,READY,airtel,40551.0,0,LTE,IDLE,CONNECTED,OUT,18336468,1115037,0,1,3,-122,LTE,405,51,42,62289,2,336,-109,-8,14,2,0,-1,-1,-1,1800,1566,178,17:13:12,206,42.875
89,22.31370565,87.30843732,1,17:13:13,2.7,15,17:13:13,READY,airtel,40551.0,0,LTE,IDLE,CONNECTED,INOUT,18360588,1115557,0,1,3,-122,LTE,405,51,42,62289,2,336,-109,-8,14,2,0,-1,-1,-1,1800,1566,26691,17:13:13,31924,263300.85
90,22.3137043,87.30840793,1,17:13:14,2.75,15,17:13:14,READY,airtel,40551.0,0,LTE,IDLE,CONNECTED,INOUT,18360685,1115813,0,1,3,-121,LTE,405,51,42,62289,2,336,-111,-9,14,2,0,-1,-1,-1,1800,1566,24640,17:13:14,21100,87635.34375
91,22.313703399999998,87.30837799,1,17:13:15,2.73,15,17:13:15,READY,airtel,40551.0,0,LTE,IDLE,CONNECTED,INOUT,18366045,1115917,0,1,3,-121,LTE,405,51,42,62289,2,336,-111,-9,14,2,0,-1,-1,-1,1800,1566,353,17:13:15,436,41697.125
92,22.31370311,87.30834852,1,17:13:16,2.79,14,17:13:16,READY,airtel,40551.0,0,LTE,IDLE,CONNECTED,INOUT,18418266,1118273,0,1,3,-121,LTE,405,51,42,62289,2,336,-111,-9,14,2,0,-1,-1,-1,1800,1566,5464,17:13:16,12676,175187.15625
93,22.31370313,87.30831921,1,17:13:17,2.85,14,17:13:17,READY,airtel,40551.0,0,LTE,IDLE,CONNECTED,INOUT,18441046,1119529,0,1,3,-126,LTE,405,51,42,62289,2,336,-113,-10,14,2,0,-1,-1,-1,1800,1566,54577,17:13:17,53960,105686.875
94,22.31370371,87.30829139,2,17:13:18,2.77,14,17:13:18,READY,airtel,40551.0,0,LTE,IDLE,CONNECTED,INOUT,18441046,1119529,0,1,3,-126,LTE,405,51,42,62289,2,336,-113,-10,14,2,0,-1,-1,-1,1800,1566,24036,17:13:18,20504,57721.941666666666
95,22.31370367,87.30826093,2,17:13:19,2.8,13,17:13:19,READY,airtel,40551.0,0,LTE,IDLE,CONNECTED,NONE,18458466,1120153,0,1,3,-126,LTE,405,51,42,62289,2,336,-113,-10,14,2,0,-1,-1,-1,1800,1566,0,17:13:19,0,197845.1875
96,22.31370401,87.30823036,2,17:13:20,2.76,13,17:13:20,READY,airtel,40551.0,0,LTE,IDLE,CONNECTED,INOUT,18471949,1120617,0,1,4,-125,LTE,405,51,42,62289,2,336,-114,-8,14,2,0,-1,-1,-1,1800,1566,18044,17:13:20,21500,51218.3125
97,22.31370485,87.30820033,2,17:13:21,2.76,13,17:13:21,READY,airtel,40551.0,0,LTE,IDLE,CONNECTED,INOUT,18474629,1120814,0,1,4,-125,LTE,405,51,42,62289,2,336,-114,-8,14,2,0,-1,-1,-1,1800,1566,13947,17:13:21,11628,51218.3125
98,22.31370541,87.3081699,2,17:13:22,2.81,13,17:13:22,READY,airtel,40551.0,0,LTE,IDLE,CONNECTED,INOUT,18474629,1120814,0,1,4,-125,LTE,405,51,42,62289,2,336,-114,-8,14,2,0,-1,-1,-1,1800,1566,2877,17:13:22,3009,232002.8125
99,22.31370594,87.30814004,1,17:13:23,2.64,13,17:13:23,READY,airtel,40551.0,0,LTE,IDLE,CONNECTED,NONE,18489369,1121518,0,1,2,-124,LTE,405,51,42,62289,2,336,-115,-9,14,2,0,-1,-1,-1,1800,1566,0,17:13:23,0,148722.63125
100,22.31370641,87.30811036,1,17:13:24,2.75,13,17:13:24,READY,airtel,40551.0,0,LTE,IDLE,CONNECTED,INOUT,18508129,1122430,0,1,2,-124,LTE,405,51,42,62289,2,336,-115,-9,14,2,0,-1,-1,-1,1800,1566,15444,17:13:24,23296,73982.22499999999
101,22.31370701,87.30808081,1,17:13:25,2.72,13,17:13:25,READY,airtel,40551.0,0,LTE,IDLE,CONNECTED,INOUT,18513572,1122726,0,1,2,-124,LTE,405,51,42,62289,2,336,-115,-9,14,2,0,-1,-1,-1,1800,1566,19672,17:13:25,13120,60957.40625
102,22.31370681,87.30805158,1,17:13:26,2.77,13,17:13:26,READY,airtel,40551.0,0,LTE,IDLE,CONNECTED,INOUT,18540372,1124063,0,1,4,-126,LTE,405,51,42,62289,2,336,-113,-9,14,2,0,-1,-1,-1,1800,1566,5739,17:13:26,6000,57721.941666666666
103,22.31370609,87.3080237,1,17:13:27,2.62,14,17:13:27,READY,airtel,40551.0,0,LTE,IDLE,CONNECTED,INOUT,18545732,1124271,0,1,4,-126,LTE,405,51,42,62289,2,336,-113,-9,14,2,0,-1,-1,-1,1800,1566,28137,17:13:27,29205,45550.875
104,22.31370484,87.30799766,1,17:13:28,2.53,14,17:13:28,READY,airtel,40551.0,0,LTE,IDLE,CONNECTED,INOUT,18561812,1124843,0,1,4,-126,LTE,405,51,42,62289,2,336,-113,-9,14,2,0,-1,-1,-1,1800,1566,5568,17:13:28,7220,146391.875
105,22.31370306,87.30797170000001,1,17:13:29,2.51,14,17:13:29,READY,airtel,40551.0,0,LTE,IDLE,CONNECTED,INOUT,18572532,1125051,0,1,3,-126,LTE,405,51,42,62289,2,336,-116,-10,14,1,0,-1,-1,-1,1800,1566,16652,17:13:29,15804,135092.9375
106,22.31370101,87.30794583,1,17:13:30,2.47,14,17:13:30,READY,airtel,40551.0,0,LTE,IDLE,CONNECTED,INOUT,18579232,1125242,0,1,3,-126,LTE,405,51,42,62289,2,336,-116,-10,14,1,0,-1,-1,-1,1800,1566,10928,17:13:30,11232,91414.4375
107,22.31369895,87.3079214,3,17:13:31,2.47,14,17:13:31,READY,airtel,40551.0,0,LTE,IDLE,CONNECTED,INOUT,18615412,1126039,0,1,3,-126,LTE,405,51,42,62289,2,336,-116,-10,14,1,0,-1,-1,-1,1800,1566,6891,17:13:31,11347,91414.4375
108,22.31369722,87.30789668,2,17:13:32,2.46,14,17:13:32,READY,airtel,40551.0,0,LTE,IDLE,CONNECTED,INOUT,18646232,1126663,0,1,4,-125,LTE,405,51,42,62289,2,336,-118,-11,14,1,0,-1,-1,-1,1800,1566,36977,17:13:32,40853,40585.3125
109,22.31369597,87.30787242,2,17:13:33,2.45,13,17:13:33,READY,airtel,40551.0,0,LTE,IDLE,CONNECTED,INOUT,18687772,1127547,0,1,4,-125,LTE,405,51,42,62289,2,336,-118,-11,14,1,0,-1,-1,-1,1800,1566,31444,17:13:33,28080,42676.5625
110,22.31369581,87.30784831,3,17:13:34,2.42,13,17:13:34,READY,airtel,40551.0,0,LTE,IDLE,CONNECTED,INOUT,18762812,1129003,0,1,4,-125,LTE,405,51,42,62289,2,336,-118,-11,14,1,0,-1,-1,-1,1800,1566,42424,17:13:34,45008,71200.59375
111,22.31369575,87.30782468,3,17:13:35,2.35,13,17:13:35,READY,airtel,40551.0,0,LTE,IDLE,CONNECTED,INOUT,18803012,1129835,0,1,2,-123,LTE,405,51,42,62289,2,336,-116,-12,14,1,0,-1,-1,-1,1800,1566,76496,17:13:35,85684,403670.95208333334
112,22.313695499999998,87.30780128,3,17:13:36,2.4,13,17:13:36,READY,airtel,40551.0,0,LTE,IDLE,CONNECTED,INOUT,18875372,1131823,0,1,2,-123,LTE,405,51,42,62289,2,336,-116,-12,14,1,0,-1,-1,-1,1800,1566,41032,17:13:36,36584,563083.3125
113,22.3136956,87.30777811,2,17:13:37,2.34,13,17:13:37,READY,airtel,40551.0,0,LTE,IDLE,CONNECTED,INOUT,18900832,1132343,0,1,3,-120,LTE,405,51,42,62289,2,336,-114,-10,14,2,0,-1,-1,-1,1800,1566,74348,17:13:37,79292,112918.5
114,22.31369509,87.30775619,2,17:13:38,2.18,13,17:13:38,READY,airtel,40551.0,0,LTE,IDLE,CONNECTED,INOUT,18938352,1133071,0,1,3,-120,LTE,405,51,42,62289,2,336,-114,-10,14,2,0,-1,-1,-1,1800,1566,25980,17:13:38,19736,60879.834375
115,22.31369384,87.30773506,2,17:13:39,2.17,12,17:13:39,READY,airtel,40551.0,0,LTE,IDLE,CONNECTED,INOUT,18962472,1133643,0,1,3,-120,LTE,405,51,42,62289,2,336,-114,-10,14,2,0,-1,-1,-1,1800,1566,38248,17:13:39,43564,249471.67083333334
116,22.31369359,87.30771473,3,17:13:40,2.16,12,17:13:40,READY,airtel,40551.0,0,LTE,IDLE,CONNECTED,INOUT,18983912,1134739,0,1,4,-120,LTE,405,51,42,62289,2,336,-113,-10,14,2,0,-1,-1,-1,1800,1566,24692,17:13:40,28380,240221.43489583334
117,22.31369267,87.30769228,2,17:13:41,2.25,12,17:13:41,READY,airtel,40551.0,0,LTE,IDLE,CONNECTED,INOUT,19016072,1136728,0,1,4,-120,LTE,405,51,42,62289,2,336,-113,-10,14,2,0,-1,-1,-1,1800,1566,22536,17:13:41,14696,95093.46071428573
118,22.313691100000003,87.30766856,2,17:13:42,2.35,12,17:13:42,READY,airtel,40551.0,0,LTE,IDLE,CONNECTED,INOUT,19049572,1138728,0,1,4,-120,LTE,405,51,42,62289,2,336,-113,-10,14,2,0,-1,-1,-1,1800,1566,34149,17:13:42,39841,146058.25
119,22.31368839,87.30764421,1,17:13:43,2.45,13,17:13:43,READY,airtel,40551.0,0,LTE,IDLE,CONNECTED,INOUT,19061632,1139448,0,1,5,-123,LTE,405,51,42,62289,2,336,-115,-10,14,2,0,-1,-1,-1,1800,1566,35500,17:13:43,32384,43406.072916666664
120,22.31368525,87.30761955,2,17:13:44,2.56,13,17:13:44,READY,airtel,40551.0,0,LTE,IDLE,CONNECTED,INOUT,19061632,1139448,0,1,5,-123,LTE,405,51,42,62289,2,336,-115,-10,14,2,0,-1,-1,-1,1800,1566,12780,17:13:44,13248,126512.23958333333
121,22.31368193,87.30759483,2,17:13:45,2.49,13,17:13:45,READY,airtel,40551.0,0,LTE,IDLE,CONNECTED,INOUT,19076372,1140328,0,1,5,-123,LTE,405,51,42,62289,2,336,-115,-10,14,2,0,-1,-1,-1,1800,1566,0,17:13:45,1472,86666.03125
122,22.31367907,87.30756998,2,17:13:46,2.56,13,17:13:46,READY,airtel,40551.0,0,LTE,IDLE,CONNECTED,INOUT,19084412,1140877,0,1,4,-124,LTE,405,51,42,62289,2,336,-113,-9,14,2,0,-1,-1,-1,1800,1566,15620,17:13:46,16192,122248.0
123,22.31367636,87.30754523,2,17:13:47,2.42,13,17:13:47,READY,airtel,40551.0,0,LTE,IDLE,CONNECTED,INOUT,19115232,1142693,0,1,4,-124,LTE,405,51,42,62289,2,336,-113,-9,14,2,0,-1,-1,-1,1800,1566,8589,17:13:47,7457,103579.06875
124,22.31367322,87.30752062,2,17:13:48,2.33,13,17:13:48,READY,airtel,40551.0,0,LTE,IDLE,CONNECTED,INOUT,19135332,1143781,0,1,4,-124,LTE,405,51,42,62289,2,336,-113,-9,14,2,0,-1,-1,-1,1800,1566,32636,17:13:48,44080,80482.04166666666
125,22.31367023,87.30749665,2,17:13:49,2.31,11,17:13:49,READY,airtel,40551.0,0,LTE,IDLE,CONNECTED,INOUT,19136672,1143853,0,1,3,-123,LTE,405,51,42,62289,2,336,-113,-9,14,2,0,-1,-1,-1,1800,1566,21188,17:13:49,13184,116741.5
126,22.31366817,87.30747272,3,17:13:50,2.44,11,17:13:50,READY,airtel,40551.0,0,LTE,IDLE,CONNECTED,NONE,19139352,1143997,0,1,3,-123,LTE,405,51,42,62289,2,336,-113,-9,14,2,0,-1,-1,-1,1800,1566,1412,17:13:50,0,140768.5625
127,22.31366599,87.30744768,3,17:13:51,2.5,11,17:13:51,READY,airtel,40551.0,0,LTE,IDLE,CONNECTED,INOUT,19139352,1144066,0,1,3,-123,LTE,405,51,42,62289,2,336,-113,-9,14,2,0,-1,-1,-1,1800,1566,2824,17:13:51,2928,152342.6875
128,22.31366397,87.30742389,3,17:13:52,2.24,11,17:13:52,READY,airtel,40551.0,0,LTE,IDLE,CONNECTED,INOUT,19183572,1145914,0,1,4,-123,LTE,405,51,42,62289,2,336,-115,-10,14,2,0,-1,-1,-1,1800,1566,69,17:13:52,8881,184267.44657738096
129,22.31366176,87.30740196,3,17:13:53,2.23,11,17:13:53,READY,airtel,40551.0,0,LTE,IDLE,CONNECTED,INOUT,19188932,1146170,0,1,4,-123,LTE,405,51,42,62289,2,336,-115,-10,14,2,0,-1,-1,-1,1800,1566,46068,17:13:53,38944,69651.625
130,22.31366097,87.30738071,2,17:13:54,2.13,11,17:13:54,READY,airtel,40551.0,0,LTE,IDLE,CONNECTED,INOUT,19213052,1147330,0,1,4,-123,LTE,405,51,42,62289,2,336,-115,-10,14,2,0,-1,-1,-1,1800,1566,5616,17:13:54,10192,40130.375
131,22.31366059,87.30735990000001,3,17:13:55,2.26,11,17:13:55,READY,airtel,40551.0,0,LTE,IDLE,CONNECTED,INOUT,19222432,1147826,0,1,3,-122,LTE,405,51,42,62289,2,336,-112,-9,14,2,0,-1,-1,-1,1800,1566,25280,17:13:55,23304,247344.61011904757
132,22.31366385,87.30733479,3,17:13:56,2.81,12,17:13:56,READY,airtel,40551.0,0,LTE,IDLE,CONNECTED,INOUT,19238512,1148762,0,1,3,-122,LTE,405,51,42,62289,2,336,-112,-9,14,2,0,-1,-1,-1,1800,1566,9876,17:13:56,8784,281133.9166666666
133,22.31366723,87.30730796,4,17:13:57,2.63,14,17:13:57,READY,airtel,40551.0,0,LTE,IDLE,CONNECTED,INOUT,19241192,1148906,0,1,3,-122,LTE,405,51,42,62289,2,336,-112,-9,14,2,0,-1,-1,-1,1800,1566,17016,17:13:57,17668,154157.375
134,22.31366843,87.30728698,4,17:13:58,2.04,15,17:13:58,READY,airtel,40551.0,0,LTE,IDLE,CONNECTED,INOUT,19241192,1148906,0,1,4,-125,LTE,405,51,42,62289,2,336,-115,-9,14,2,0,-1,-1,-1,1800,1566,2824,17:13:58,2928,102142.77083333334
135,22.31366865,87.30727017,5,17:13:59,1.81,16,17:13:59,READY,airtel,40551.0,0,LTE,IDLE,CONNECTED,NONE,19246552,1149194,0,1,4,-125,LTE,405,51,42,62289,2,336,-115,-9,14,2,0,-1,-1,-1,1800,1566,0,17:13:59,0,124922.09166666667
136,22.31366592,87.30725086,5,17:14:00,2.31,16,17:14:00,READY,airtel,40551.0,0,LTE,IDLE,CONNECTED,INOUT,19274692,1150706,0,1,4,-125,LTE,405,51,42,62289,2,336,-115,-9,14,2,0,-1,-1,-1,1800,1566,5648,17:14:00,5856,79990.38541666667
137,22.3136633,87.30723132,5,17:14:01,1.89,16,17:14:01,READY,airtel,40551.0,0,LTE,IDLE,CONNECTED,INOUT,19277372,1150922,0,1,5,-125,LTE,405,51,42,62289,2,336,-115,-9,14,2,0,-1,-1,-1,1800,1566,29652,17:14:01,30744,89758.625
138,22.31366168,87.30721323,6,17:14:02,1.96,16,17:14:02,READY,airtel,40551.0,0,LTE,IDLE,CONNECTED,NONE,19277372,1150922,0,1,5,-125,LTE,405,51,42,62289,2,336,-115,-9,14,2,0,-1,-1,-1,1800,1566,2896,17:14:02,3028,117138.59375
139,22.31366055,87.30719549,6,17:14:03,2.05,13,17:14:03,READY,airtel,40551.0,0,LTE,IDLE,CONNECTED,NONE,19284072,1151282,0,1,5,-125,LTE,405,51,42,62289,2,336,-115,-9,14,2,0,-1,-1,-1,1800,1566,0,17:14:03,0,87992.125
140,22.3136611,87.30717588,6,17:14:04,2.2,12,17:14:04,READY,airtel,40551.0,0,LTE,IDLE,CONNECTED,INOUT,19318912,1154486,0,1,5,-120,LTE,405,51,42,62289,2,336,-112,-9,14,2,0,-1,-1,-1,1800,1566,7060,17:14:04,10248,38992.875
141,22.31366134,87.30715543,6,17:14:05,2.05,12,17:14:05,READY,airtel,40551.0,0,LTE,IDLE,CONNECTED,INOUT,19329632,1154890,0,1,5,-120,LTE,405,51,42,62289,2,336,-112,-9,14,2,0,-1,-1,-1,1800,1566,38044,17:14:05,37952,84685.15208333333
142,22.31366125,87.30713906,4,17:14:06,1.93,12,17:14:06,READY,airtel,40551.0,0,LTE,IDLE,CONNECTED,INOUT,19380552,1156002,0,1,5,-120,LTE,405,51,42,62289,2,336,-112,-9,14,2,0,-1,-1,-1,1800,1566,11124,17:14:06,12864,94531.22916666667
143,22.31366033,87.30712061,5,17:14:07,2.19,12,17:14:07,READY,airtel,40551.0,0,LTE,IDLE,CONNECTED,INOUT,19440904,1157146,0,1,2,-121,LTE,405,51,42,62289,2,336,-109,-9,14,2,0,-1,-1,-1,1800,1566,52032,17:14:07,54896,334023.5416666667
144,22.31365944,87.30710061,5,17:14:08,2.2,12,17:14:08,READY,airtel,40551.0,0,LTE,IDLE,CONNECTED,INOUT,19497184,1158290,0,1,2,-121,LTE,405,51,42,62289,2,336,-109,-9,14,2,0,-1,-1,-1,1800,1566,61496,17:14:08,61932,272186.0125
145,22.31365902,87.30708077,6,17:14:09,2.1,12,17:14:09,READY,airtel,40551.0,0,LTE,IDLE,CONNECTED,INOUT,19507904,1158686,0,1,2,-121,LTE,405,51,42,62289,2,336,-109,-9,14,2,0,-1,-1,-1,1800,1566,57424,17:14:09,59048,124181.55416666667
146,22.31365861,87.30706221,7,17:14:10,1.89,12,17:14:10,READY,airtel,40551.0,0,LTE,IDLE,CONNECTED,INOUT,19522644,1159566,0,1,4,-123,LTE,405,51,42,62289,2,336,-112,-9,14,2,0,-1,-1,-1,1800,1566,11116,17:14:10,8616,75728.75
147,22.31365855,87.3070462,8,17:14:11,1.7,13,17:14:11,READY,airtel,40551.0,0,LTE,IDLE,CONNECTED,INOUT,19546764,1161078,0,1,4,-123,LTE,405,51,42,62289,2,336,-112,-9,14,2,0,-1,-1,-1,1800,1566,15620,17:14:11,17664,235403.95833333334
148,22.3136581,87.30702587,7,17:14:12,1.81,13,17:14:12,READY,airtel,40551.0,0,LTE,IDLE,CONNECTED,INOUT,19557484,1161718,0,1,4,-123,LTE,405,51,42,62289,2,336,-112,-9,14,2,0,-1,-1,-1,1800,1566,25632,17:14:12,28068,119122.69583333333
149,22.31365717,87.30700645,6,17:14:13,1.69,15,17:14:13,READY,airtel,40551.0,0,LTE,IDLE,CONNECTED,INOUT,19574904,1162506,0,1,4,-122,LTE,405,51,42,62289,2,336,-112,-9,14,2,0,-1,-1,-1,1800,1566,11360,17:14:13,10304,88908.71875
150,22.31365699,87.30698677,5,17:14:14,1.61,15,17:14:14,READY,airtel,40551.0,0,LTE,IDLE,CONNECTED,INOUT,19585624,1162922,0,1,4,-122,LTE,405,51,42,62289,2,336,-112,-9,14,2,0,-1,-1,-1,1800,1566,18208,17:14:14,18856,191559.8125
151,22.31365685,87.30696438,3,17:14:15,1.76,16,17:14:15,READY,airtel,40551.0,0,LTE,IDLE,CONNECTED,INOUT,19609744,1163754,0,1,4,-122,LTE,405,51,42,62289,2,336,-112,-9,14,2,0,-1,-1,-1,1800,1566,11136,17:14:15,14440,118181.20520833334
152,22.31365529,87.30694418,3,17:14:16,1.52,16,17:14:16,READY,airtel,40551.0,0,LTE,IDLE,CONNECTED,INOUT,19679424,1165190,0,1,1,-121,LTE,405,51,42,62289,2,336,-110,-8,14,2,0,-1,-1,-1,1800,1566,24952,17:14:16,28480,256412.125
153,22.31365315,87.3069272,3,17:14:17,1.51,16,17:14:17,READY,airtel,40551.0,0,LTE,IDLE,CONNECTED,INOUT,19715604,1166306,0,1,1,-121,LTE,405,51,42,62289,2,336,-110,-8,14,2,0,-1,-1,-1,1800,1566,71116,17:14:17,69028,237178.5
154,22.31365134,87.30691107,4,17:14:18,1.56,16,17:14:18,READY,airtel,40551.0,0,LTE,IDLE,CONNECTED,INOUT,19715604,1166726,0,1,1,-121,LTE,405,51,42,62289,2,336,-110,-8,14,2,0,-1,-1,-1,1800,1566,37296,17:14:18,35700,306919.375
155,22.31365051,87.30689535,4,17:14:19,1.48,16,17:14:19,READY,airtel,40551.0,0,LTE,IDLE,CONNECTED,INOUT,19716944,1166778,0,1,2,-122,LTE,405,51,42,62289,2,336,-112,-8,14,2,0,-1,-1,-1,1800,1566,420,17:14:19,448,148142.875
156,22.31364907,87.30687595,4,17:14:20,2.04,16,17:14:20,READY,airtel,40551.0,0,LTE,IDLE,CONNECTED,NONE,19733024,1167090,0,1,2,-122,LTE,405,51,42,62289,2,336,-112,-8,14,2,0,-1,-1,-1,1800,1566,1392,17:14:20,1444,240803.425
157,22.31364674,87.30685204,5,17:14:21,2.29,16,17:14:21,READY,airtel,40551.0,0,LTE,IDLE,CONNECTED,INOUT,19773224,1168666,0,1,2,-122,LTE,405,51,42,62289,2,336,-112,-8,14,2,0,-1,-1,-1,1800,1566,16392,17:14:21,19736,153924.82083333333
158,22.31364491,87.30682507,6,17:14:22,2.59,16,17:14:22,READY,airtel,40551.0,0,LTE,IDLE,CONNECTED,INOUT,19793324,1169866,0,1,4,-121,LTE,405,51,42,62289,2,336,-111,-8,14,2,0,-1,-1,-1,1800,1566,41776,17:14:22,41724,262923.28125
159,22.31364331,87.30679641,6,17:14:23,2.6,16,17:14:23,READY,airtel,40551.0,0,LTE,IDLE,CONNECTED,INOUT,19809404,1170826,0,1,4,-121,LTE,405,51,42,62289,2,336,-111,-8,14,2,0,-1,-1,-1,1800,1566,21300,17:14:23,20608,159747.0
160,22.31364197,87.30676846,6,17:14:24,2.59,12,17:14:24,READY,airtel,40551.0,0,LTE,IDLE,CONNECTED,INOUT,19814764,1171146,0,1,4,-121,LTE,405,51,42,62289,2,336,-111,-8,14,2,0,-1,-1,-1,1800,1566,17040,17:14:24,17664,262923.28125
161,22.313640399999997,87.30674092,6,17:14:25,2.6,11,17:14:25,READY,airtel,40551.0,0,LTE,IDLE,CONNECTED,INOUT,19845584,1172718,0,1,4,-120,LTE,405,51,42,62289,2,336,-109,-7,14,2,0,-1,-1,-1,1800,1566,5680,17:14:25,19136,160404.90625
162,22.31363854,87.30671394,6,17:14:26,2.42,11,17:14:26,READY,airtel,40551.0,0,LTE,IDLE,CONNECTED,INOUT,19858984,1172978,0,1,4,-120,LTE,405,51,42,62289,2,336,-109,-7,14,2,0,-1,-1,-1,1800,1566,32392,17:14:26,20284,170893.625
163,22.31363609,87.30668691,5,17:14:27,2.68,11,17:14:27,READY,airtel,40551.0,0,LTE,IDLE,CONNECTED,INOUT,19858984,1172978,0,1,4,-120,LTE,405,51,42,62289,2,336,-109,-7,14,2,0,-1,-1,-1,1800,1566,13660,17:14:27,14040,94100.75
164,22.31363364,87.30665964,5,17:14:28,2.58,14,17:14:28,READY,airtel,40551.0,0,LTE,IDLE,CONNECTED,NONE,19872384,1173290,0,1,3,-116,LTE,405,51,42,62289,2,336,-110,-9,14,2,0,-1,-1,-1,1800,1566,0,17:14:28,0,117596.1875
165,22.31363081,87.3066324,5,17:14:29,2.66,15,17:14:29,READY,airtel,40551.0,0,LTE,IDLE,CONNECTED,INOUT,19872384,1173290,0,1,3,-116,LTE,405,51,42,62289,2,336,-110,-9,14,2,0,-1,-1,-1,1800,1566,13712,17:14:29,14120,246233.1875
166,22.31362704,87.30660883,4,17:14:30,2.18,15,17:14:30,READY,airtel,40551.0,0,LTE,IDLE,CONNECTED,NONE,19872384,1173290,0,1,3,-116,LTE,405,51,42,62289,2,336,-110,-9,14,2,0,-1,-1,-1,1800,1566,0,17:14:30,0,91930.875
167,22.31362424,87.30658875,5,17:14:31,2.08,15,17:14:31,READY,airtel,40551.0,0,LTE,IDLE,CONNECTED,NONE,19872384,1173290,0,1,4,-115,LTE,405,51,42,62289,2,336,-108,-9,14,2,0,-1,-1,-1,1800,1566,0,17:14:31,0,397990.5625
168,22.31362319,87.30657011,6,17:14:32,1.91,15,17:14:32,READY,airtel,40551.0,0,LTE,IDLE,CONNECTED,NONE,19872384,1173290,0,1,4,-115,LTE,405,51,42,62289,2,336,-108,-9,14,2,0,-1,-1,-1,1800,1566,0,17:14:32,0,161437.390625
169,22.31362258,87.30655011,6,17:14:33,2.15,16,17:14:33,READY,airtel,40551.0,0,LTE,IDLE,CONNECTED,INOUT,19873724,1173370,0,1,4,-115,LTE,405,51,42,62289,2,336,-108,-9,14,2,0,-1,-1,-1,1800,1566,0,17:14:33,0,157243.375
170,22.31362307,87.30652966,6,17:14:34,2.05,16,17:14:34,READY,airtel,40551.0,0,LTE,IDLE,CONNECTED,NONE,19873724,1173434,0,1,3,-117,LTE,405,51,42,62289,2,336,-108,-8,14,2,0,-1,-1,-1,1800,1566,1420,17:14:34,1472,284518.7916666667
171,22.31362395,87.30651137,6,17:14:35,1.75,16,17:14:35,READY,airtel,40551.0,0,LTE,IDLE,CONNECTED,NONE,19873724,1173434,0,1,3,-117,LTE,405,51,42,62289,2,336,-108,-8,14,2,0,-1,-1,-1,1800,1566,64,17:14:35,92,174350.875
172,22.31362427,87.30649491,4,17:14:36,1.39,16,17:14:36,READY,airtel,40551.0,0,LTE,IDLE,CONNECTED,INOUT,19875064,1173498,0,1,3,-117,LTE,405,51,42,62289,2,336,-108,-8,14,2,0,-1,-1,-1,1800,1566,0,17:14:36,0,194354.5
173,22.31362288,87.30647937,4,17:14:37,1.66,16,17:14:37,READY,airtel,40551.0,0,LTE,IDLE,CONNECTED,NONE,19875064,1173498,0,1,3,-112,LTE,405,51,42,62289,2,336,-108,-9,14,2,0,-1,-1,-1,1800,1566,1404,17:14:37,1456,323212.0
174,22.31362151,87.30646397,3,17:14:38,1.39,16,17:14:38,READY,airtel,40551.0,0,LTE,IDLE,CONNECTED,NONE,19875064,1173498,0,1,3,-112,LTE,405,51,42,62289,2,336,-108,-9,14,2,0,-1,-1,-1,1800,1566,0,17:14:38,0,401053.375
175,22.31361962,87.30644878,3,17:14:39,1.55,16,17:14:39,READY,airtel,40551.0,0,LTE,IDLE,CONNECTED,NONE,19875064,1173562,0,1,3,-112,LTE,405,51,42,62289,2,336,-108,-9,14,2,0,-1,-1,-1,1800,1566,0,17:14:39,0,339142.7046875
176,22.31361798,87.30643451,3,17:14:40,1.19,15,17:14:40,READY,airtel,40551.0,0,LTE,IDLE,CONNECTED,NONE,19875064,1173562,0,1,4,-117,LTE,405,51,42,62289,2,336,-110,-9,14,2,0,-1,-1,-1,1800,1566,64,17:14:40,92,135846.3125
177,22.31361744,87.30641786,2,17:14:41,1.81,15,17:14:41,READY,airtel,40551.0,0,LTE,IDLE,CONNECTED,NONE,19875064,1173562,0,1,4,-117,LTE,405,51,42,62289,2,336,-110,-9,14,2,0,-1,-1,-1,1800,1566,0,17:14:41,0,131681.5
178,22.31361711,87.30639769,2,17:14:42,1.89,15,17:14:42,READY,airtel,40551.0,0,LTE,IDLE,CONNECTED,NONE,19875064,1173562,0,1,4,-117,LTE,405,51,42,62289,2,336,-110,-9,14,2,0,-1,-1,-1,1800,1566,0,17:14:42,0,110658.25
179,22.31361785,87.30637841,3,17:14:43,1.89,14,17:14:43,READY,airtel,40551.0,0,LTE,IDLE,CONNECTED,NONE,19875064,1173562,0,1,5,-118,LTE,405,51,42,62289,2,336,-110,-8,14,2,0,-1,-1,-1,1800,1566,0,17:14:43,0,213491.18541666665
180,22.31361831,87.30635893,3,17:14:44,2.07,14,17:14:44,READY,airtel,40551.0,0,LTE,IDLE,CONNECTED,NONE,19875064,1173626,0,1,5,-118,LTE,405,51,42,62289,2,336,-110,-8,14,2,0,-1,-1,-1,1800,1566,0,17:14:44,0,203494.0
181,22.31361805,87.3063372,3,17:14:45,2.22,16,17:14:45,READY,airtel,40551.0,0,LTE,IDLE,CONNECTED,DORMANT,19875064,1173626,0,1,5,-118,LTE,405,51,42,62289,2,336,-110,-8,14,2,0,-1,-1,-1,1800,1566,64,17:14:45,92,115760.25
182,22.31361766,87.30631787,3,17:14:46,1.69,16,17:14:46,READY,airtel,40551.0,0,LTE,IDLE,CONNECTED,NONE,19932958,1175562,0,0,4,-116,LTE,405,51,42,62289,2,336,-109,-9,14,2,0,-1,-1,-1,1800,1566,0,17:14:46,0,242349.30416666667
183,22.31361719,87.30629843,3,17:14:47,2.04,15,17:14:47,READY,airtel,40551.0,0,LTE,IDLE,CONNECTED,INOUT,19938318,1175726,0,0,4,-116,LTE,405,51,42,62289,2,336,-109,-9,14,2,0,-1,-1,-1,1800,1566,59830,17:14:47,61868,67231.90625
184,22.31361789,87.30627808,3,17:14:48,2.02,15,17:14:48,READY,airtel,40551.0,0,LTE,IDLE,CONNECTED,INOUT,20008118,1177751,0,0,4,-116,LTE,405,51,42,62289,2,336,-109,-9,14,2,0,-1,-1,-1,1800,1566,5524,17:14:48,7068,216487.4375
185,22.31361913,87.30625599,3,17:14:49,2.07,15,17:14:49,READY,airtel,40551.0,0,LTE,IDLE,CONNECTED,INOUT,20025538,1178239,0,0,4,-118,LTE,405,51,42,62289,2,336,-109,-9,14,2,0,-1,-1,-1,1800,1566,71825,17:14:49,79729,537047.625
186,22.3136199,87.30623358,3,17:14:50,1.8,15,17:14:50,READY,airtel,40551.0,0,LTE,IDLE,CONNECTED,INOUT,20028218,1178860,0,0,4,-118,LTE,405,51,42,62289,2,336,-109,-9,14,2,0,-1,-1,-1,1800,1566,17908,17:14:50,11312,57138.65625
187,22.31361943,87.30621068,3,17:14:51,2.23,16,17:14:51,READY,airtel,40551.0,0,LTE,IDLE,CONNECTED,INOUT,20028218,1178860,0,0,4,-118,LTE,405,51,42,62289,2,336,-109,-9,14,2,0,-1,-1,-1,1800,1566,3301,17:14:51,3405,136558.0
188,22.31361777,87.30618618,3,17:14:52,2.26,16,17:14:52,READY,airtel,40551.0,0,LTE,IDLE,CONNECTED,INOUT,20049658,1179276,0,0,6,-117,LTE,405,51,42,62289,2,336,-108,-8,14,2,0,-1,-1,-1,1800,1566,0,17:14:52,5616,31601.125
189,22.31361582,87.30616256,1,17:14:53,1.77,16,17:14:53,READY,airtel,40551.0,0,LTE,IDLE,CONNECTED,INOUT,20117998,1183633,0,0,6,-117,LTE,405,51,42,62289,2,336,-108,-8,14,2,0,-1,-1,-1,1800,1566,21856,17:14:53,32664,80000.5
190,22.31361274,87.30614097,0,17:14:54,1.8,16,17:14:54,READY,airtel,40551.0,0,LTE,IDLE,CONNECTED,INOUT,20154178,1185865,0,0,6,-117,LTE,405,51,42,62289,2,336,-108,-8,14,2,0,-1,-1,-1,1800,1566,72697,17:14:54,65465,41541.90625
191,22.31360876,87.30612051,1,17:14:55,1.84,16,17:14:55,READY,airtel,40551.0,0,LTE,IDLE,CONNECTED,INOUT,20201078,1188101,0,0,4,-117,LTE,405,51,42,62289,2,336,-107,-9,14,2,0,-1,-1,-1,1800,1566,38412,17:14:55,35328,96746.4375
192,22.31360439,87.30609861,0,17:14:56,1.96,16,17:14:56,READY,airtel,40551.0,0,LTE,IDLE,CONNECTED,INOUT,20229218,1188725,0,0,4,-117,LTE,405,51,42,62289,2,336,-107,-9,14,2,0,-1,-1,-1,1800,1566,49136,17:14:56,60660,226106.16666666666
193,22.3135999,87.30607963,1,17:14:57,1.6,16,17:14:57,READY,airtel,40551.0,0,LTE,IDLE,CONNECTED,INOUT,20230558,1188777,0,0,3,-117,LTE,405,51,42,62289,2,336,-109,-8,14,2,0,-1,-1,-1,1800,1566,28764,17:14:57,18372,288892.90625
194,22.31359341,87.30606173,0,17:14:58,1.7,16,17:14:58,READY,airtel,40551.0,0,LTE,IDLE,CONNECTED,INOUT,20316318,1192102,0,0,3,-117,LTE,405,51,42,62289,2,336,-109,-8,14,2,0,-1,-1,-1,1800,1566,1392,17:14:58,1444,155332.353125
195,22.31358661,87.30604237,-1,17:14:59,1.66,16,17:14:59,READY,airtel,40551.0,0,LTE,IDLE,CONNECTED,INOUT,20320390,1192494,0,0,3,-117,LTE,405,51,42,62289,2,336,-109,-8,14,2,0,-1,-1,-1,1800,1566,89085,17:14:59,94001,181814.0625
196,22.31357851,87.30602467,0,17:15:00,1.69,15,17:15:00,READY,airtel,40551.0,0,LTE,IDLE,CONNECTED,INOUT,20323070,1192658,0,0,3,-116,LTE,405,51,42,62289,2,336,-111,-11,14,2,0,-1,-1,-1,1800,1566,4464,17:15:00,2976,242349.30416666667
197,22.31356918,87.30600882,0,17:15:01,1.62,15,17:15:01,READY,airtel,40551.0,0,LTE,IDLE,CONNECTED,INOUT,20323122,1192722,0,0,3,-116,LTE,405,51,42,62289,2,336,-111,-11,14,2,0,-1,-1,-1,1800,1566,2844,17:15:01,2888,546151.25
198,22.31356031,87.30599765,0,17:15:02,1.16,15,17:15:02,READY,airtel,40551.0,0,LTE,IDLE,CONNECTED,OUT,20324462,1192782,0,0,3,-116,LTE,405,51,42,62289,2,336,-111,-11,14,2,0,-1,-1,-1,1800,1566,116,17:15:02,256,894.84375
199,22.31355169,87.30598896,-2,17:15:03,1.05,15,17:15:03,READY,airtel,40551.0,0,LTE,IDLE,CONNECTED,INOUT,20427754,1196108,0,0,3,-115,LTE,405,51,42,62289,2,336,-109,-9,14,2,0,-1,-1,-1,1800,1566,1400,17:15:03,5616,232366.125
200,22.31353996,87.30598013,-2,17:15:04,1.42,15,17:15:04,READY,airtel,40551.0,0,LTE,IDLE,CONNECTED,INOUT,20430494,1196392,0,0,3,-115,LTE,405,51,42,62289,2,336,-109,-9,14,2,0,-1,-1,-1,1800,1566,106618,17:15:04,108954,393131.6
201,22.31352244,87.30597043,-2,17:15:05,2.06,15,17:15:05,READY,airtel,40551.0,0,LTE,IDLE,CONNECTED,NONE,20433174,1196552,0,0,3,-115,LTE,405,51,42,62289,2,336,-109,-9,14,2,0,-1,-1,-1,1800,1566,3024,17:15:05,0,281237.03125
202,22.31350285,87.30596132,-2,17:15:06,1.85,16,17:15:06,READY,airtel,40551.0,0,LTE,IDLE,CONNECTED,INOUT,20451994,1197724,0,0,3,-109,LTE,405,51,42,62289,2,336,-108,-9,14,2,0,-1,-1,-1,1800,1566,2840,17:15:06,3108,684376.25
203,22.31348295,87.30595502,-2,17:15:07,2.01,16,17:15:07,READY,airtel,40551.0,0,LTE,IDLE,CONNECTED,INOUT,20512294,1201602,0,0,3,-109,LTE,405,51,42,62289,2,336,-108,-9,14,2,0,-1,-1,-1,1800,1566,19992,17:15:07,27968,657342.0
204,22.31346362,87.30595256,-1,17:15:08,1.68,16,17:15:08,READY,airtel,40551.0,0,LTE,IDLE,CONNECTED,INOUT,20512294,1201602,0,0,3,-109,LTE,405,51,42,62289,2,336,-108,-9,14,2,0,-1,-1,-1,1800,1566,64178,17:15:08,59214,103681.125
205,22.31344571,87.30594973,-1,17:15:09,1.51,16,17:15:09,READY,airtel,40551.0,0,LTE,IDLE,CONNECTED,NONE,20512294,1201602,0,0,4,-111,LTE,405,51,42,62289,2,336,-107,-9,14,2,0,-1,-1,-1,1800,1566,0,17:15:09,0,826580.5
206,22.31342709,87.30594578,-4,17:15:10,1.55,16,17:15:10,READY,airtel,40551.0,0,LTE,IDLE,CONNECTED,INOUT,20512354,1202223,0,0,4,-111,LTE,405,51,42,62289,2,336,-107,-9,14,2,0,-1,-1,-1,1800,1566,0,17:15:10,164,623113.6682291667
207,22.31340744,87.30594153,-4,17:15:11,1.79,16,17:15:11,READY,airtel,40551.0,0,LTE,IDLE,CONNECTED,OUT,20512354,1202223,0,0,4,-111,LTE,405,51,42,62289,2,336,-107,-9,14,2,0,-1,-1,-1,1800,1566,681,17:15:11,597,3971.75
208,22.31338514,87.30593553,-4,17:15:12,2.14,16,17:15:12,READY,airtel,40551.0,0,LTE,IDLE,CONNECTED,OUT,20512354,1202421,0,0,4,-110,LTE,405,51,42,62289,2,336,-101,-7,14,3,0,-1,-1,-1,1800,1566,0,17:15:12,0,2748.5
209,22.313363100000004,87.30592739,-4,17:15:13,1.92,16,17:15:13,READY,airtel,40551.0,0,LTE,IDLE,CONNECTED,NONE,20512354,1202421,0,0,4,-110,LTE,405,51,42,62289,2,336,-101,-7,14,3,0,-1,-1,-1,1800,1566,198,17:15:13,226,269289.7875
210,22.3133435,87.30591787,-4,17:15:14,1.79,16,17:15:14,READY,airtel,40551.0,0,LTE,IDLE,CONNECTED,NONE,20512354,1202421,0,0,4,-110,LTE,405,51,42,62289,2,336,-101,-7,14,3,0,-1,-1,-1,1800,1566,0,17:15:14,0,142229.75
211,22.31332201,87.30590781,-4,17:15:15,2.11,16,17:15:15,READY,airtel,40551.0,0,LTE,IDLE,CONNECTED,NONE,20512354,1202421,0,0,4,-110,LTE,405,51,42,62289,2,336,-107,-9,14,2,0,-1,-1,-1,1800,1566,0,17:15:15,0,292746.4375
212,22.31330139,87.30590021,-4,17:15:16,1.67,15,17:15:16,READY,airtel,40551.0,0,LTE,IDLE,CONNECTED,NONE,20512354,1202421,0,0,4,-110,LTE,405,51,42,62289,2,336,-107,-9,14,2,0,-1,-1,-1,1800,1566,0,17:15:16,0,210940.125
213,22.31328351,87.30589590000001,-5,17:15:17,1.61,15,17:15:17,READY,airtel,40551.0,0,LTE,IDLE,CONNECTED,NONE,20524414,1203141,0,0,4,-110,LTE,405,51,42,62289,2,336,-107,-9,14,2,0,-1,-1,-1,1800,1566,0,17:15:17,0,359007.5625
214,22.31326245,87.30589293,-5,17:15:18,2.15,15,17:15:18,READY,airtel,40551.0,0,LTE,IDLE,CONNECTED,INOUT,20529774,1203461,0,0,4,-118,LTE,405,51,42,62289,2,336,-107,-9,14,2,0,-1,-1,-1,1800,1566,12780,17:15:18,13248,178089.5
215,22.3132421,87.30589024,-5,17:15:19,1.75,15,17:15:19,READY,airtel,40551.0,0,LTE,IDLE,CONNECTED,INOUT,20529774,1203461,0,0,4,-118,LTE,405,51,42,62289,2,336,-107,-9,14,2,0,-1,-1,-1,1800,1566,5680,17:15:19,5888,94938.59523809522
216,22.31322227,87.30588593,-5,17:15:20,1.95,15,17:15:20,READY,airtel,40551.0,0,LTE,IDLE,CONNECTED,NONE,20529774,1203461,0,0,4,-118,LTE,405,51,42,62289,2,336,-107,-9,14,2,0,-1,-1,-1,1800,1566,0,17:15:20,0,439549.375
217,22.31320033,87.30588054,-5,17:15:21,2.11,14,17:15:21,READY,airtel,40551.0,0,LTE,IDLE,CONNECTED,NONE,20529774,1203461,0,0,4,-119,LTE,405,51,42,62289,2,336,-110,-8,14,2,0,-1,-1,-1,1800,1566,0,17:15:21,0,100750.9
218,22.313175,87.30587344,-5,17:15:22,2.56,14,17:15:22,READY,airtel,40551.0,0,LTE,IDLE,CONNECTED,OUT,20529774,1203659,0,0,4,-119,LTE,405,51,42,62289,2,336,-110,-8,14,2,0,-1,-1,-1,1800,1566,0,17:15:22,0,0.0
219,22.31314865,87.30586572,-5,17:15:23,2.49,13,17:15:23,READY,airtel,40551.0,0,LTE,IDLE,CONNECTED,NONE,20529774,1203659,0,0,4,-119,LTE,405,51,42,62289,2,336,-110,-8,14,2,0,-1,-1,-1,1800,1566,198,17:15:23,226,83913.5
220,22.31312449,87.30585933,-4,17:15:24,2.4,13,17:15:24,READY,airtel,40551.0,0,LTE,IDLE,CONNECTED,NONE,20529774,1203659,0,0,4,-113,LTE,405,51,42,62289,2,336,-110,-8,14,2,0,-1,-1,-1,1800,1566,0,17:15:24,0,554270.0
221,22.313101800000002,87.3058533,-4,17:15:25,2.28,13,17:15:25,READY,airtel,40551.0,0,LTE,IDLE,CONNECTED,NONE,20529774,1203659,0,0,4,-113,LTE,405,51,42,62289,2,336,-110,-8,14,2,0,-1,-1,-1,1800,1566,0,17:15:25,0,662304.0
222,22.31308158,87.30584821,-4,17:15:26,1.96,13,17:15:26,READY,airtel,40551.0,0,LTE,IDLE,CONNECTED,NONE,20529774,1203659,0,0,4,-113,LTE,405,51,42,62289,2,336,-110,-8,14,2,0,-1,-1,-1,1800,1566,0,17:15:26,0,685605.84375
223,22.31306206,87.3058434,-4,17:15:27,2.01,13,17:15:27,READY,airtel,40551.0,0,LTE,IDLE,CONNECTED,NONE,20529774,1203659,0,0,3,-119,LTE,405,51,42,62289,2,336,-116,-11,14,1,0,-1,-1,-1,1800,1566,0,17:15:27,0,152983.875
224,22.31304209,87.30583811,-4,17:15:28,2.14,12,17:15:28,READY,airtel,40551.0,0,LTE,IDLE,CONNECTED,DORMANT,20529774,1203659,0,0,3,-119,LTE,405,51,42,62289,2,336,-116,-11,14,1,0,-1,-1,-1,1800,1566,0,17:15:28,0,153555.9895833333
225,22.31302088,87.30583171,-3,17:15:29,2.13,12,17:15:29,READY,airtel,40551.0,0,LTE,IDLE,CONNECTED,DORMANT,20529774,1203659,0,0,3,-119,LTE,405,51,42,62289,2,336,-116,-11,14,1,0,-1,-1,-1,1800,1566,0,17:15:29,0,116203.45625
226,22.31300005,87.30582678,-3,17:15:30,2.03,12,17:15:30,READY,airtel,40551.0,0,LTE,IDLE,CONNECTED,DORMANT,20529774,1203746,8,0,1,-112,LTE,405,51,42,62289,2,336,-106,-8,14,2,0,-1,-1,-1,1800,1566,0,17:15:30,0,306101.7674107143
227,22.31297968,87.30582528,-2,17:15:31,1.99,12,17:15:31,READY,airtel,40551.0,0,LTE,IDLE,CONNECTED,NONE,20529774,1203746,8,0,1,-112,LTE,405,51,42,62289,2,336,-106,-8,14,2,0,-1,-1,-1,1800,1566,87,17:15:31,115,530638.125
228,22.31296009,87.30582952,-2,17:15:32,2.01,12,17:15:32,READY,airtel,40551.0,0,LTE,IDLE,CONNECTED,DORMANT,20529774,1203746,8,0,1,-112,LTE,405,51,42,62289,2,336,-106,-8,14,2,0,-1,-1,-1,1800,1566,0,17:15:32,0,527767.25
229,22.31294286,87.30584028,-2,17:15:33,2.02,13,17:15:33,READY,airtel,40551.0,0,LTE,IDLE,CONNECTED,NONE,20529814,1204427,0,0,4,-113,LTE,405,51,42,62289,2,336,-109,-10,14,2,0,-1,-1,-1,1800,1566,0,17:15:33,0,298756.09375
230,22.31293224,87.30585424,-2,17:15:34,1.56,13,17:15:34,READY,airtel,40551.0,0,LTE,IDLE,CONNECTED,INOUT,20530244,1211156,0,0,4,-113,LTE,405,51,42,62289,2,336,-109,-10,14,2,0,-1,-1,-1,1800,1566,721,17:15:34,1590,449086.66302083334
231,22.31292629,87.30587051,-2,17:15:35,1.66,14,17:15:35,READY,airtel,40551.0,0,LTE,IDLE,CONNECTED,IN,20530296,1211749,0,0,4,-113,LTE,405,51,42,62289,2,336,-109,-10,14,2,0,-1,-1,-1,1800,1566,7159,17:15:35,6772,321462.375
232,22.31292463,87.30588553,-2,17:15:36,1.23,15,17:15:36,READY,airtel,40551.0,0,LTE,IDLE,CONNECTED,OUT,20530296,1213089,0,0,4,-113,LTE,405,51,42,62289,2,336,-112,-11,14,2,0,-1,-1,-1,1800,1566,645,17:15:36,697,1219.40625
233,22.31292375,87.30589683,-1,17:15:37,0.97,15,17:15:37,READY,airtel,40551.0,0,LTE,IDLE,CONNECTED,OUT,20530296,1213089,0,0,4,-113,LTE,405,51,42,62289,2,336,-112,-11,14,2,0,-1,-1,-1,1800,1566,1340,17:15:37,1368,1215.9375
234,22.31292158,87.30590924,-2,17:15:38,1.41,14,17:15:38,READY,airtel,40551.0,0,LTE,IDLE,CONNECTED,IN,20530348,1213089,0,0,4,-113,LTE,405,51,42,62289,2,336,-112,-11,14,2,0,-1,-1,-1,1800,1566,0,17:15:38,0,223853.9375
235,22.31291816,87.30592444,-2,17:15:39,1.55,14,17:15:39,READY,airtel,40551.0,0,LTE,IDLE,CONNECTED,NONE,20530348,1213089,0,0,5,-117,LTE,405,51,42,62289,2,336,-110,-9,14,2,0,-1,-1,-1,1800,1566,52,17:15:39,76,467755.6785714286
236,22.31291577,87.30594309,-1,17:15:40,2.05,14,17:15:40,READY,airtel,40551.0,0,LTE,IDLE,CONNECTED,OUT,20531688,1213762,0,0,5,-117,LTE,405,51,42,62289,2,336,-110,-9,14,2,0,-1,-1,-1,1800,1566,0,17:15:40,0,1321.75
237,22.31291367,87.30596443,-1,17:15:41,2.13,13,17:15:41,READY,airtel,40551.0,0,LTE,IDLE,CONNECTED,INOUT,20531688,1213762,0,0,5,-117,LTE,405,51,42,62289,2,336,-110,-9,14,2,0,-1,-1,-1,1800,1566,2013,17:15:41,2093,74515.90625
238,22.31291188,87.30598335,-3,17:15:42,2.03,14,17:15:42,READY,airtel,40551.0,0,LTE,IDLE,CONNECTED,OUT,20531688,1213960,0,1,3,-121,LTE,405,51,42,62289,2,336,-115,-10,14,2,0,-1,-1,-1,1800,1566,0,17:15:42,0,0.0
239,22.31291005,87.30600393,-3,17:15:43,2.2,14,17:15:43,READY,airtel,40551.0,0,LTE,IDLE,CONNECTED,NONE,20531752,1215300,0,1,3,-121,LTE,405,51,42,62289,2,336,-115,-10,14,2,0,-1,-1,-1,1800,1566,198,17:15:43,226,132497.0
240,22.3129066,87.30602213,-2,17:15:44,1.8,14,17:15:44,READY,airtel,40551.0,0,LTE,IDLE,CONNECTED,INOUT,20531752,1215300,0,1,3,-121,LTE,405,51,42,62289,2,336,-115,-10,14,2,0,-1,-1,-1,1800,1566,1404,17:15:44,1456,48550.96875
241,22.31290233,87.30604055,-2,17:15:45,2.12,14,17:15:45,READY,airtel,40551.0,0,LTE,IDLE,CONNECTED,NONE,20531752,1215300,0,1,2,-121,LTE,405,51,42,62289,2,336,-115,-10,14,2,0,-1,-1,-1,1800,1566,0,17:15:45,0,178120.44583333333
242,22.31289771,87.30606239,-1,17:15:46,2.24,14,17:15:46,READY,airtel,40551.0,0,LTE,IDLE,CONNECTED,NONE,20531752,1215300,0,1,2,-121,LTE,405,51,42,62289,2,336,-115,-10,14,2,0,-1,-1,-1,1800,1566,0,17:15:46,0,219180.93526785716
243,22.31289299,87.30608176,-2,17:15:47,1.89,14,17:15:47,READY,airtel,40551.0,0,LTE,IDLE,CONNECTED,NONE,20531752,1215300,0,1,2,-121,LTE,405,51,42,62289,2,336,-115,-10,14,2,0,-1,-1,-1,1800,1566,0,17:15:47,0,99501.09166666667
244,22.31288768,87.30609854,-6,17:15:48,2.09,13,17:15:48,READY,airtel,40551.0,0,LTE,IDLE,CONNECTED,NONE,20531752,1215300,0,1,3,-123,LTE,405,51,42,62289,2,336,-117,-11,14,1,0,-1,-1,-1,1800,1566,0,17:15:48,0,168528.925
245,22.31288455,87.30611935,-6,17:15:49,2.32,13,17:15:49,READY,airtel,40551.0,0,LTE,IDLE,CONNECTED,OUT,20531752,1216640,0,1,3,-123,LTE,405,51,42,62289,2,336,-117,-11,14,1,0,-1,-1,-1,1800,1566,0,17:15:49,0,0.0
246,22.31288378,87.3061417,-6,17:15:50,2.24,13,17:15:50,READY,airtel,40551.0,0,LTE,IDLE,CONNECTED,NONE,20531752,1216640,0,1,3,-123,LTE,405,51,42,62289,2,336,-117,-11,14,1,0,-1,-1,-1,1800,1566,1340,17:15:50,1368,184267.44657738096
247,22.31288662,87.30616528,-6,17:15:51,2.43,13,17:15:51,READY,airtel,40551.0,0,LTE,IDLE,CONNECTED,NONE,20531752,1216640,0,1,3,-119,LTE,405,51,42,62289,2,336,-117,-13,14,1,0,-1,-1,-1,1800,1566,0,17:15:51,0,106951.04166666667
248,22.31289175,87.30619200000001,-6,17:15:52,2.45,13,17:15:52,READY,airtel,40551.0,0,LTE,IDLE,CONNECTED,NONE,20531752,1216640,0,1,3,-119,LTE,405,51,42,62289,2,336,-117,-13,14,1,0,-1,-1,-1,1800,1566,0,17:15:52,0,33061.85416666667
249,22.31289824,87.3062181,-7,17:15:53,2.39,13,17:15:53,READY,airtel,40551.0,0,LTE,IDLE,CONNECTED,NONE,20531752,1216640,0,1,3,-119,LTE,405,51,42,62289,2,336,-117,-13,14,1,0,-1,-1,-1,1800,1566,0,17:15:53,0,152888.20833333334
250,22.31290424,87.30624069,-7,17:15:54,1.91,13,17:15:54,READY,airtel,40551.0,0,LTE,IDLE,CONNECTED,NONE,20531752,1216640,0,1,3,-117,LTE,405,51,42,62289,2,336,-115,-12,14,2,0,-1,-1,-1,1800,1566,0,17:15:54,0,86241.0
251,22.31291045,87.30626547,-6,17:15:55,2.58,13,17:15:55,READY,airtel,40551.0,0,LTE,IDLE,CONNECTED,NONE,20531752,1216640,0,1,3,-117,LTE,405,51,42,62289,2,336,-115,-12,14,2,0,-1,-1,-1,1800,1566,0,17:15:55,0,70157.5
252,22.31291641,87.30629151,-6,17:15:56,2.43,12,17:15:56,READY,airtel,40551.0,0,LTE,IDLE,CONNECTED,IN,20537328,1216900,0,1,3,-117,LTE,405,51,42,62289,2,336,-115,-12,14,2,0,-1,-1,-1,1800,1566,0,17:15:56,0,64676.625
253,22.31292275,87.30631757,-6,17:15:57,2.5,12,17:15:57,READY,airtel,40551.0,0,LTE,IDLE,CONNECTED,INOUT,20550728,1217432,0,1,4,-117,LTE,405,51,42,62289,2,336,-116,-13,14,1,0,-1,-1,-1,1800,1566,5836,17:15:57,9008,151709.25
254,22.31292855,87.30634387,-5,17:15:58,2.28,12,17:15:58,READY,airtel,40551.0,0,LTE,IDLE,CONNECTED,INOUT,20550728,1217432,0,1,4,-117,LTE,405,51,42,62289,2,336,-116,-13,14,1,0,-1,-1,-1,1800,1566,13932,17:15:58,11564,220405.77083333334
255,22.31293341,87.30637019,-5,17:15:59,2.42,12,17:15:59,READY,airtel,40551.0,0,LTE,IDLE,CONNECTED,INOUT,20552068,1217496,0,1,4,-117,LTE,405,51,42,62289,2,336,-116,-13,14,1,0,-1,-1,-1,1800,1566,0,17:15:59,0,211764.96875
256,22.31293906,87.306398,-5,17:16:00,2.69,13,17:16:00,READY,airtel,40551.0,0,LTE,IDLE,CONNECTED,INOUT,20560108,1217808,0,1,4,-117,LTE,405,51,42,62289,2,336,-116,-15,14,1,0,-1,-1,-1,1800,1566,1404,17:16:00,1456,154939.5
257,22.31294292,87.30642673,-5,17:16:01,2.64,13,17:16:01,READY,airtel,40551.0,0,LTE,IDLE,CONNECTED,INOUT,20568148,1218176,0,1,4,-117,LTE,405,51,42,62289,2,336,-116,-15,14,1,0,-1,-1,-1,1800,1566,8352,17:16:01,8664,146575.96875
258,22.31294615,87.30645507,-5,17:16:02,2.65,14,17:16:02,READY,airtel,40551.0,0,LTE,IDLE,CONNECTED,NONE,20569488,1218240,0,1,4,-117,LTE,405,51,42,62289,2,336,-116,-15,14,1,0,-1,-1,-1,1800,1566,8408,17:16:02,8720,152675.71875
259,22.3129474,87.30648003,-4,17:16:03,2.43,14,17:16:03,READY,airtel,40551.0,0,LTE,IDLE,CONNECTED,INOUT,20578898,1224372,0,0,5,-115,LTE,405,51,42,60005,2,124,-113,-15,14,2,0,-1,-1,-1,1800,1566,1404,17:16:03,1456,182010.05208333334
260,22.31294715,87.30650038,-4,17:16:04,1.78,15,17:16:04,READY,airtel,40551.0,0,LTE,IDLE,CONNECTED,INOUT,20623741,1229886,0,0,5,-115,LTE,405,51,42,60005,2,124,-113,-15,14,2,0,-1,-1,-1,1800,1566,15542,17:16:04,18884,247612.09375
261,22.31294447,87.30651571,-4,17:16:05,1.58,15,17:16:05,READY,airtel,40551.0,0,LTE,IDLE,CONNECTED,INOUT,20623741,1231226,0,0,5,-115,LTE,405,51,42,60005,2,124,-113,-15,14,2,0,-1,-1,-1,1800,1566,50357,17:16:05,50990,412735.25
262,22.31294108,87.30653486,-4,17:16:06,2.11,15,17:16:06,READY,airtel,40551.0,0,LTE,IDLE,CONNECTED,NONE,20623741,1231226,0,0,6,-114,LTE,405,51,42,60005,2,124,-118,-16,14,1,0,-1,-1,-1,1800,1566,1340,17:16:06,0,92490.8125
263,22.31293783,87.30655742,-5,17:16:07,2.31,14,17:16:07,READY,airtel,40551.0,0,LTE,IDLE,CONNECTED,INOUT,20623793,1231306,0,0,6,-114,LTE,405,51,42,60005,2,124,-118,-16,14,1,0,-1,-1,-1,1800,1566,0,17:16:07,0,108983.53125
264,22.31293712,87.30658271,-5,17:16:08,2.49,15,17:16:08,READY,airtel,40551.0,0,LTE,IDLE,CONNECTED,NONE,20623793,1231306,0,0,6,-114,LTE,405,51,42,60005,2,124,-118,-16,14,1,0,-1,-1,-1,1800,1566,132,17:16:08,184,128980.65625
265,22.31293751,87.3066108,-5,17:16:09,2.59,15,17:16:09,READY,airtel,40551.0,0,LTE,IDLE,CONNECTED,NONE,20623793,1231306,0,1,3,-118,LTE,405,51,42,62289,2,336,-115,-13,14,2,0,-1,-1,-1,1800,1566,0,17:16:09,0,350612.5125
266,22.31294046,87.30664117,-5,17:16:10,2.54,15,17:16:10,READY,airtel,40551.0,0,LTE,IDLE,CONNECTED,DORMANT,20623793,1231306,0,1,3,-118,LTE,405,51,42,62289,2,336,-115,-13,14,2,0,-1,-1,-1,1800,1566,0,17:16:10,0,116190.4375
267,22.31294406,87.30667255,-4,17:16:11,2.55,15,17:16:11,READY,airtel,40551.0,0,LTE,IDLE,CONNECTED,DORMANT,20623793,1231306,0,1,3,-118,LTE,405,51,42,62289,2,336,-115,-13,14,2,0,-1,-1,-1,1800,1566,0,17:16:11,0,93760.75
268,22.31294587,87.30670247,-3,17:16:12,2.61,15,17:16:12,READY,airtel,40551.0,0,LTE,IDLE,CONNECTED,DORMANT,20623793,1231306,8,0,2,-117,LTE,405,51,42,62289,2,336,-112,-10,14,2,0,-1,-1,-1,1800,1566,0,17:16:12,0,52817.96875
269,22.31294736,87.30673215,-3,17:16:13,2.61,15,17:16:13,READY,airtel,40551.0,0,LTE,IDLE,CONNECTED,DORMANT,20623793,1231306,8,0,2,-117,LTE,405,51,42,62289,2,336,-112,-10,14,2,0,-1,-1,-1,1800,1566,0,17:16:13,0,52817.96875
270,22.31294885,87.30676217,-3,17:16:14,2.74,15,17:16:14,READY,airtel,40551.0,0,LTE,IDLE,CONNECTED,DORMANT,20623793,1231306,8,0,2,-117,LTE,405,51,42,62289,2,336,-112,-10,14,2,0,-1,-1,-1,1800,1566,0,17:16:14,0,60313.40625
271,22.3129502,87.30678971,-3,17:16:15,2.47,14,17:16:15,READY,airtel,40551.0,0,LTE,IDLE,CONNECTED,DORMANT,20623793,1231306,8,0,2,-114,LTE,405,51,42,62289,2,336,-115,-14,14,2,0,-1,-1,-1,1800,1566,0,17:16:15,0,452866.75
272,22.31295199,87.30681698,-3,17:16:16,2.6,14,17:16:16,READY,airtel,40551.0,0,LTE,IDLE,CONNECTED,DORMANT,20623793,1231306,8,0,2,-114,LTE,405,51,42,62289,2,336,-115,-14,14,2,0,-1,-1,-1,1800,1566,0,17:16:16,0,389545.75
273,22.312953600000004,87.30684411,-2,17:16:17,2.51,15,17:16:17,READY,airtel,40551.0,0,LTE,IDLE,CONNECTED,NONE,20623793,1231386,8,0,2,-114,LTE,405,51,42,62289,2,336,-115,-14,14,2,0,-1,-1,-1,1800,1566,0,17:16:17,0,170827.5
274,22.31295531,87.30686991,-3,17:16:18,2.54,15,17:16:18,READY,airtel,40551.0,0,LTE,IDLE,CONNECTED,IN,20623845,1231386,0,0,4,-111,LTE,405,51,42,62289,2,336,-109,-12,14,2,0,-1,-1,-1,1800,1566,80,17:16:18,108,347689.8125
275,22.31295783,87.30689698,-3,17:16:19,2.57,15,17:16:19,READY,airtel,40551.0,0,LTE,IDLE,CONNECTED,DORMANT,20623845,1231386,0,0,4,-111,LTE,405,51,42,62289,2,336,-109,-12,14,2,0,-1,-1,-1,1800,1566,52,17:16:19,76,246485.6536458333
276,22.31295959,87.30692197,-3,17:16:20,2.41,15,17:16:20,READY,airtel,40551.0,0,LTE,IDLE,CONNECTED,DORMANT,20623845,1231386,0,0,4,-111,LTE,405,51,42,62289,2,336,-109,-12,14,2,0,-1,-1,-1,1800,1566,0,17:16:20,0,196159.83333333334
277,22.31296155,87.30694604,-3,17:16:21,2.54,15,17:16:21,READY,airtel,40551.0,0,LTE,IDLE,CONNECTED,DORMANT,20623845,1231386,8,0,1,-109,LTE,405,51,42,62289,2,336,-113,-15,14,2,0,-1,-1,-1,1800,1566,0,17:16:21,0,236928.25
278,22.31296317,87.30697042,-3,17:16:22,2.45,15,17:16:22,READY,airtel,40551.0,0,LTE,IDLE,CONNECTED,DORMANT,20623845,1231584,8,0,1,-109,LTE,405,51,42,62289,2,336,-113,-15,14,2,0,-1,-1,-1,1800,1566,0,17:16:22,0,333211.5625
279,22.31296415,87.30699712,-3,17:16:23,2.77,15,17:16:23,READY,airtel,40551.0,0,LTE,IDLE,CONNECTED,NONE,20623845,1231584,8,0,1,-109,LTE,405,51,42,62289,2,336,-113,-15,14,2,0,-1,-1,-1,1800,1566,198,17:16:23,226,722044.0
280,22.31296502,87.30702169,-3,17:16:24,2.15,15,17:16:24,READY,airtel,40551.0,0,LTE,IDLE,CONNECTED,NONE,20623845,1231584,0,0,5,-108,LTE,405,51,42,62289,2,336,-110,-15,14,2,0,-1,-1,-1,1800,1566,0,17:16:24,0,228753.625
281,22.31296524,87.30704576,-3,17:16:25,2.51,15,17:16:25,READY,airtel,40551.0,0,LTE,IDLE,CONNECTED,NONE,20623845,1231584,0,0,5,-108,LTE,405,51,42,62289,2,336,-110,-15,14,2,0,-1,-1,-1,1800,1566,0,17:16:25,0,209620.375
282,22.31296487,87.30707006,-2,17:16:26,2.26,15,17:16:26,READY,airtel,40551.0,0,LTE,IDLE,CONNECTED,NONE,20623845,1231584,0,0,5,-108,LTE,405,51,42,62289,2,336,-110,-15,14,2,0,-1,-1,-1,1800,1566,0,17:16:26,0,225628.75
283,22.31296684,87.30709378,-2,17:16:27,2.36,15,17:16:27,READY,airtel,40551.0,0,LTE,IDLE,CONNECTED,NONE,20623845,1231584,0,0,5,-109,LTE,405,51,42,62289,2,336,-109,-14,14,2,0,-1,-1,-1,1800,1566,0,17:16:27,0,196215.875
284,22.31297001,87.30711766,-3,17:16:28,2.57,15,17:16:28,READY,airtel,40551.0,0,LTE,IDLE,CONNECTED,NONE,20625185,1231664,0,0,5,-109,LTE,405,51,42,62289,2,336,-109,-14,14,2,0,-1,-1,-1,1800,1566,0,17:16:28,0,177380.625
285,22.31297253,87.30714045,-3,17:16:29,2.29,15,17:16:29,READY,airtel,40551.0,0,LTE,IDLE,CONNECTED,INOUT,20625185,1231664,0,0,5,-109,LTE,405,51,42,62289,2,336,-109,-14,14,2,0,-1,-1,-1,1800,1566,1420,17:16:29,1472,184121.46875
286,22.31297318,87.30716158,-3,17:16:30,2.24,15,17:16:30,READY,airtel,40551.0,0,LTE,IDLE,CONNECTED,NONE,20625185,1231664,0,0,4,-110,LTE,405,51,42,62289,2,336,-104,-9,14,3,0,-1,-1,-1,1800,1566,0,17:16:30,0,254874.46944444443
287,22.31297278,87.30718286,-3,17:16:31,2.17,15,17:16:31,READY,airtel,40551.0,0,LTE,IDLE,CONNECTED,NONE,20625185,1231664,0,0,4,-110,LTE,405,51,42,62289,2,336,-104,-9,14,3,0,-1,-1,-1,1800,1566,0,17:16:31,0,692476.96875
288,22.31297229,87.30720556,-3,17:16:32,2.33,15,17:16:32,READY,airtel,40551.0,0,LTE,IDLE,CONNECTED,NONE,20625185,1231664,0,0,4,-110,LTE,405,51,42,62289,2,336,-104,-9,14,3,0,-1,-1,-1,1800,1566,0,17:16:32,0,256969.54166666666
289,22.31297153,87.30723006,-3,17:16:33,2.35,15,17:16:33,READY,airtel,40551.0,0,LTE,IDLE,CONNECTED,DORMANT,20625185,1231664,8,0,2,-113,LTE,405,51,42,62289,2,336,-113,-16,14,2,0,-1,-1,-1,1800,1566,0,17:16:33,0,296175.0
290,22.31297098,87.30725607,-2,17:16:34,2.6,15,17:16:34,READY,airtel,40551.0,0,LTE,IDLE,CONNECTED,NONE,20626525,1231744,8,0,2,-113,LTE,405,51,42,62289,2,336,-113,-16,14,2,0,-1,-1,-1,1800,1566,0,17:16:34,0,278753.75
291,22.31297079,87.30728162,-2,17:16:35,2.58,15,17:16:35,READY,airtel,40551.0,0,LTE,IDLE,CONNECTED,INOUT,20626525,1231744,8,0,2,-113,LTE,405,51,42,62289,2,336,-113,-16,14,2,0,-1,-1,-1,1800,1566,1420,17:16:35,1472,583279.1321180556
292,22.31297159,87.30730737,-2,17:16:36,2.64,15,17:16:36,READY,airtel,40551.0,0,LTE,IDLE,CONNECTED,DORMANT,20626525,1231744,0,0,0,-116,LTE,405,51,42,62289,2,336,-112,-15,14,2,0,-1,-1,-1,1800,1566,0,17:16:36,0,231855.96875
293,22.31297161,87.30732914,-2,17:16:37,1.89,15,17:16:37,READY,airtel,40551.0,0,LTE,IDLE,CONNECTED,DORMANT,20626525,1231744,0,0,0,-108,LTE,405,51,42,62289,2,336,-112,-15,14,2,0,-1,-1,-1,1800,1566,0,17:16:37,0,448010.0
294,22.31297187,87.30734597,-3,17:16:38,1.52,15,17:16:38,READY,airtel,40551.0,0,LTE,IDLE,CONNECTED,DORMANT,20626525,1231744,0,0,0,-105,LTE,405,51,42,62289,2,336,-112,-15,14,2,0,-1,-1,-1,1800,1566,0,17:16:38,0,253486.25
295,22.31297186,87.30736356,-3,17:16:39,1.75,15,17:16:39,READY,airtel,40551.0,0,LTE,IDLE,CONNECTED,DORMANT,20626525,1231744,8,0,1,-112,LTE,405,51,42,62289,2,336,-117,-12,14,1,0,-1,-1,-1,1800,1566,0,17:16:39,0,432193.85
296,22.312972199999997,87.30738465,-3,17:16:40,2.02,14,17:16:40,READY,airtel,40551.0,0,LTE,IDLE,CONNECTED,DORMANT,20626525,1231744,8,0,1,-112,LTE,405,51,42,62289,2,336,-117,-12,14,1,0,-1,-1,-1,1800,1566,0,17:16:40,0,468276.49449404766
297,22.31297224,87.30740633,-3,17:16:41,1.97,13,17:16:41,READY,airtel,40551.0,0,LTE,IDLE,CONNECTED,DORMANT,20626525,1231744,8,0,1,-112,LTE,405,51,42,62289,2,336,-117,-12,14,1,0,-1,-1,-1,1800,1566,0,17:16:41,0,514082.21875
298,22.31297227,87.30742523,-3,17:16:42,1.56,13,17:16:42,READY,airtel,40551.0,0,LTE,IDLE,CONNECTED,DORMANT,20626525,1231744,8,0,1,-115,LTE,405,51,42,62289,2,336,-109,-12,14,2,0,-1,-1,-1,1800,1566,0,17:16:42,0,83825.28125
299,22.31297202,87.30744133,-4,17:16:43,1.4,14,17:16:43,READY,airtel,40551.0,0,LTE,IDLE,CONNECTED,DORMANT,20626525,1231744,8,0,1,-115,LTE,405,51,42,62289,2,336,-109,-12,14,2,0,-1,-1,-1,1800,1566,0,17:16:43,0,89340.65625
300,22.31297142,87.30745911,-3,17:16:44,1.77,14,17:16:44,READY,airtel,40551.0,0,LTE,IDLE,CONNECTED,DORMANT,20626525,1231744,8,0,1,-115,LTE,405,51,42,62289,2,336,-109,-12,14,2,0,-1,-1,-1,1800,1566,0,17:16:44,0,100455.53125
301,22.31297151,87.30748108,-4,17:16:45,2.13,14,17:16:45,READY,airtel,40551.0,0,LTE,IDLE,CONNECTED,DORMANT,20626525,1231744,8,0,1,-112,LTE,405,51,42,62289,2,336,-111,-12,14,2,0,-1,-1,-1,1800,1566,0,17:16:45,0,363913.3020833334
302,22.31297275,87.30750568,-4,17:16:46,2.3,14,17:16:46,READY,airtel,40551.0,0,LTE,IDLE,CONNECTED,DORMANT,20626525,1231744,8,0,1,-112,LTE,405,51,42,62289,2,336,-111,-12,14,2,0,-1,-1,-1,1800,1566,0,17:16:46,0,367776.5416666667
303,22.31297474,87.30752826,-5,17:16:47,2.0,15,17:16:47,READY,airtel,40551.0,0,LTE,IDLE,CONNECTED,DORMANT,20626525,1231744,8,0,1,-112,LTE,405,51,42,62289,2,336,-111,-12,14,2,0,-1,-1,-1,1800,1566,0,17:16:47,0,552268.0
304,22.31297636,87.30754973,-5,17:16:48,2.1,15,17:16:48,READY,airtel,40551.0,0,LTE,IDLE,CONNECTED,DORMANT,20626525,1231744,8,0,1,-118,LTE,405,51,42,62289,2,336,-111,-10,14,2,0,-1,-1,-1,1800,1566,0,17:16:48,0,35990.28125
305,22.31297769,87.30757353,-6,17:16:49,2.38,15,17:16:49,READY,airtel,40551.0,0,LTE,IDLE,CONNECTED,DORMANT,20626525,1231744,8,0,1,-118,LTE,405,51,42,62289,2,336,-111,-10,14,2,0,-1,-1,-1,1800,1566,0,17:16:49,0,20377.125
306,22.31297939,87.30759868,-6,17:16:50,2.45,15,17:16:50,READY,airtel,40551.0,0,LTE,IDLE,CONNECTED,DORMANT,20626525,1231744,8,0,1,-118,LTE,405,51,42,62289,2,336,-111,-10,14,2,0,-1,-1,-1,1800,1566,0,17:16:50,0,18981.03125
307,22.31298218,87.30762488,-7,17:16:51,2.53,15,17:16:51,READY,airtel,40551.0,0,LTE,IDLE,CONNECTED,DORMANT,20626525,1231744,8,0,1,-119,LTE,405,51,42,62289,2,336,-111,-11,14,2,0,-1,-1,-1,1800,1566,0,17:16:51,0,32255.28125
308,22.31298449,87.30765292,-7,17:16:52,2.71,15,17:16:52,READY,airtel,40551.0,0,LTE,IDLE,CONNECTED,DORMANT,20626525,1231744,8,0,1,-119,LTE,405,51,42,62289,2,336,-111,-11,14,2,0,-1,-1,-1,1800,1566,0,17:16:52,0,63970.489583333336
309,22.31298592,87.30768107,-7,17:16:53,2.65,14,17:16:53,READY,airtel,40551.0,0,LTE,IDLE,CONNECTED,DORMANT,20626525,1231744,8,0,1,-119,LTE,405,51,42,62289,2,336,-111,-11,14,2,0,-1,-1,-1,1800,1566,0,17:16:53,0,26032.825
310,22.31298745,87.30770882,-7,17:16:54,2.7,15,17:16:54,READY,airtel,40551.0,0,LTE,IDLE,CONNECTED,DORMANT,20626525,1231744,8,0,3,-115,LTE,405,51,42,62289,2,336,-110,-9,14,2,0,-1,-1,-1,1800,1566,0,17:16:54,0,204456.5
311,22.31298883,87.30773522,-8,17:16:55,2.61,15,17:16:55,READY,airtel,40551.0,0,LTE,IDLE,CONNECTED,DORMANT,20626525,1231744,8,0,3,-115,LTE,405,51,42,62289,2,336,-110,-9,14,2,0,-1,-1,-1,1800,1566,0,17:16:55,0,179985.875
312,22.31299049,87.30776377,-7,17:16:56,2.73,14,17:16:56,READY,airtel,40551.0,0,LTE,IDLE,CONNECTED,DORMANT,20626525,1231744,8,0,3,-115,LTE,405,51,42,62289,2,336,-110,-9,14,2,0,-1,-1,-1,1800,1566,0,17:16:56,0,206943.875
313,22.31299348,87.30779557,-5,17:16:57,2.89,14,17:16:57,READY,airtel,40551.0,0,LTE,IDLE,CONNECTED,DORMANT,20626525,1231744,8,0,2,-115,LTE,405,51,42,62289,2,336,-115,-13,14,2,0,-1,-1,-1,1800,1566,0,17:16:57,0,184539.375
314,22.31299601,87.30782384,-4,17:16:58,2.41,14,17:16:58,READY,airtel,40551.0,0,LTE,IDLE,CONNECTED,DORMANT,20626525,1231744,8,0,2,-115,LTE,405,51,42,62289,2,336,-115,-13,14,2,0,-1,-1,-1,1800,1566,0,17:16:58,0,51974.5
315,22.31299767,87.30784935,-3,17:16:59,2.26,14,17:16:59,READY,airtel,40551.0,0,LTE,IDLE,CONNECTED,DORMANT,20626525,1231744,8,0,2,-115,LTE,405,51,42,62289,2,336,-115,-13,14,2,0,-1,-1,-1,1800,1566,0,17:16:59,0,176444.75
316,22.31299666,87.30786491,-5,17:17:00,1.31,15,17:17:00,READY,airtel,40551.0,0,LTE,IDLE,CONNECTED,DORMANT,20626525,1231744,8,0,1,-114,LTE,405,51,42,62289,2,336,-113,-14,14,2,0,-1,-1,-1,1800,1566,0,17:17:00,0,256394.7875
317,22.31299575,87.30787952,-3,17:17:01,1.65,15,17:17:01,READY,airtel,40551.0,0,LTE,IDLE,CONNECTED,DORMANT,20626525,1231744,8,0,1,-114,LTE,405,51,42,62289,2,336,-113,-14,14,2,0,-1,-1,-1,1800,1566,0,17:17:01,0,175761.875
318,22.31299701,87.30789795,-2,17:17:02,1.84,15,17:17:02,READY,airtel,40551.0,0,LTE,IDLE,CONNECTED,DORMANT,20626525,1231744,8,0,1,-114,LTE,405,51,42,62289,2,336,-113,-14,14,2,0,-1,-1,-1,1800,1566,0,17:17:02,0,315511.0
319,22.313000199999998,87.3079204,-2,17:17:03,1.97,15,17:17:03,READY,airtel,40551.0,0,LTE,IDLE,CONNECTED,DORMANT,20626525,1231744,8,0,4,-116,LTE,405,51,42,62289,2,336,-115,-12,14,2,0,-1,-1,-1,1800,1566,0,17:17:03,0,48801.0
320,22.31300295,87.30793976,0,17:17:04,1.59,15,17:17:04,READY,airtel,40551.0,0,LTE,IDLE,CONNECTED,DORMANT,20626525,1231744,8,0,4,-116,LTE,405,51,42,62289,2,336,-115,-12,14,2,0,-1,-1,-1,1800,1566,0,17:17:04,0,70947.08333333333
321,22.31300407,87.30795811,0,17:17:05,1.79,15,17:17:05,READY,airtel,40551.0,0,LTE,IDLE,CONNECTED,DORMANT,20626525,1231744,8,0,4,-116,LTE,405,51,42,62289,2,336,-115,-12,14,2,0,-1,-1,-1,1800,1566,0,17:17:05,0,44078.75
322,22.31300411,87.30797428,1,17:17:06,1.32,15,17:17:06,READY,airtel,40551.0,0,LTE,IDLE,CONNECTED,DORMANT,20626525,1231744,8,0,3,-115,LTE,405,51,42,62289,2,336,-123,-16,14,1,0,-1,-1,-1,1800,1566,0,17:17:06,0,88290.8125
323,22.31300508,87.30798904,0,17:17:07,1.56,15,17:17:07,READY,airtel,40551.0,0,LTE,IDLE,CONNECTED,DORMANT,20626525,1231824,8,0,3,-115,LTE,405,51,42,62289,2,336,-123,-16,14,1,0,-1,-1,-1,1800,1566,0,17:17:07,0,169566.1875
324,22.31300657,87.30800995,0,17:17:08,2.08,15,17:17:08,READY,airtel,40551.0,0,LTE,IDLE,CONNECTED,DORMANT,20626577,1231824,8,0,3,-115,LTE,405,51,42,62289,2,336,-123,-16,14,1,0,-1,-1,-1,1800,1566,80,17:17:08,108,175855.1875
325,22.31301073,87.30803386,-1,17:17:09,2.33,15,17:17:09,READY,airtel,40551.0,0,LTE,IDLE,CONNECTED,DORMANT,20626577,1231824,0,0,0,-110,LTE,405,51,42,62289,2,2147483647,-112,-10,14,2147483647,0,-1,-1,-1,-1,2147483647,52,17:17:09,76,542233.0625
326,22.31301477,87.30805638,-3,17:17:10,1.76,15,17:17:10,READY,airtel,40551.0,0,LTE,IDLE,CONNECTED,DORMANT,20626577,1231824,0,0,0,-110,LTE,405,51,42,62289,2,2147483647,-112,-10,14,2147483647,0,-1,-1,-1,-1,2147483647,0,17:17:10,0,751664.21875
327,22.31301735,87.30807669,3,17:17:11,1.86,14,17:17:11,READY,airtel,40551.0,0,LTE,IDLE,CONNECTED,DORMANT,20626577,1231824,0,0,0,-109,LTE,405,51,42,62289,2,2147483647,-112,-10,14,2147483647,0,-1,-1,-1,-1,2147483647,0,17:17:11,0,337920.2916666666
328,22.31301865,87.30810184,-4,17:17:12,2.3,14,17:17:12,READY,airtel,40551.0,0,UNKNOWN,IDLE,DISCONNECTED,NONE,0,0,0,2,0,-113,WCDMA,405,51,8823,4,12616,299,-113,2147483647,2147483647,0,0,-1,-1,-1,2100,10758,0,17:17:12,0,833934.0625
329,22.3130221,87.30813076,-3,17:17:13,2.54,15,17:17:13,READY,airtel,40551.0,0,UMTS,IDLE,CONNECTING,DORMANT,0,0,0,2,0,-113,WCDMA,405,51,8823,4,12616,299,-113,2147483647,2147483647,0,0,-1,-1,-1,2100,10758,-21858401,17:17:13,0,984090.125
330,22.31302726,87.30815627,-2,17:17:14,2.17,15,17:17:14,READY,airtel,40551.0,0,UMTS,IDLE,CONNECTING,DORMANT,0,0,0,2,0,-113,WCDMA,405,51,8823,4,12616,299,-113,2147483647,2147483647,0,0,-1,-1,-1,2100,10758,0,17:17:14,0,917423.5
331,22.31303056,87.3081883,-3,17:17:15,2.51,13,17:17:15,READY,airtel,40551.0,0,UMTS,IDLE,CONNECTING,DORMANT,0,0,0,2,0,-113,WCDMA,405,51,8823,4,12616,299,-113,2147483647,2147483647,0,0,-1,-1,-1,2100,10758,0,17:17:15,0,1057803.375
332,22.31303333,87.30821605,-3,17:17:16,2.1,13,17:17:16,READY,airtel,40551.0,0,UMTS,IDLE,CONNECTING,DORMANT,0,0,0,2,0,-113,WCDMA,405,51,8823,4,12616,299,-113,2147483647,2147483647,0,0,-1,-1,-1,2100,10758,0,17:17:16,0,441746.8125
333,22.31303575,87.30823944,-2,17:17:17,1.94,13,17:17:17,READY,airtel,40551.0,0,UMTS,IDLE,CONNECTING,DORMANT,0,0,0,0,0,-117,WCDMA,405,51,8823,4,12616,299,-113,2147483647,2147483647,0,0,-1,-1,-1,2100,10758,0,17:17:17,0,154587.84375
334,22.31303631,87.30826309999999,-2,17:17:18,2.01,13,17:17:18,READY,airtel,40551.0,0,UMTS,IDLE,CONNECTING,DORMANT,0,0,0,0,0,-107,WCDMA,405,51,8823,4,12616,299,-113,2147483647,2147483647,0,0,-1,-1,-1,2100,10758,0,17:17:18,0,296353.4375
335,22.31303557,87.30828848,-2,17:17:19,2.14,13,17:17:19,READY,airtel,40551.0,0,UMTS,IDLE,CONNECTING,DORMANT,0,0,0,0,0,-106,WCDMA,405,51,8823,4,12616,299,-113,2147483647,2147483647,0,0,-1,-1,-1,2100,10758,0,17:17:19,0,399032.25
336,22.31303358,87.30831762,-2,17:17:20,2.37,13,17:17:20,READY,airtel,40551.0,0,UMTS,IDLE,CONNECTING,DORMANT,0,0,0,0,0,-111,WCDMA,405,51,8823,4,12616,299,-113,2147483647,2147483647,0,0,-1,-1,-1,2100,10758,0,17:17:20,0,719522.75
337,22.31303175,87.30834559,-1,17:17:21,2.38,13,17:17:21,READY,airtel,40551.0,0,UMTS,IDLE,CONNECTING,DORMANT,0,0,0,0,0,-110,WCDMA,405,51,8823,4,12616,299,-113,2147483647,2147483647,0,0,-1,-1,-1,2100,10758,0,17:17:21,0,403577.525
338,22.31303161,87.30837279,-1,17:17:22,2.29,12,17:17:22,READY,airtel,40551.0,0,UMTS,IDLE,CONNECTING,DORMANT,0,0,0,0,0,-105,WCDMA,405,51,8823,4,12616,299,-113,2147483647,2147483647,0,0,-1,-1,-1,2100,10758,0,17:17:22,0,520830.5
339,22.31303136,87.30840034,-1,17:17:23,2.36,12,17:17:24,READY,airtel,40551.0,0,UMTS,IDLE,CONNECTED,NONE,20626577,1232375,0,1,0,-111,WCDMA,405,51,8823,4,31737,170,-107,2147483647,2147483647,1,0,-1,-1,-1,2100,10758,0,17:17:23,0,666990.21875
340,22.31303182,87.30842831,-1,17:17:24,2.5,13,17:17:25,READY,airtel,40551.0,0,UMTS,IDLE,CONNECTED,NONE,20626577,1232375,0,1,0,-111,WCDMA,405,51,8823,4,31737,170,-107,2147483647,2147483647,1,0,-1,-1,-1,2100,10758,21858952,17:17:24,671,1253086.0
341,22.31303298,87.30845699,-1,17:17:25,2.52,12,17:17:26,READY,airtel,40551.0,0,HSPA+,IDLE,CONNECTED,NONE,20626577,1232375,0,2,0,-113,WCDMA,405,51,8823,4,31737,170,-113,2147483647,2147483647,0,0,-1,-1,-1,2100,10758,0,17:17:25,104,1457688.625
342,22.31303575,87.30848467,0,17:17:26,2.45,12,17:17:27,READY,airtel,40551.0,0,HSPA+,IDLE,CONNECTED,NONE,20627654,1233928,0,2,0,-113,WCDMA,405,51,8823,4,31737,170,-113,2147483647,2147483647,0,0,-1,-1,-1,2100,10758,0,17:17:26,0,1027142.46875
343,22.31303995,87.30851244,1,17:17:27,2.52,12,17:17:28,READY,airtel,40551.0,0,HSPA+,IDLE,CONNECTED,INOUT,20628159,1234433,0,2,0,-113,WCDMA,405,51,8823,4,31737,170,-113,2147483647,2147483647,0,0,-1,-1,-1,2100,10758,2630,17:17:27,480,1457688.625
344,22.31304366,87.3085355,0,17:17:28,2.25,12,17:17:29,READY,airtel,40551.0,0,HSPA+,IDLE,CONNECTED,INOUT,20628159,1234731,0,4,0,-113,WCDMA,405,51,8823,4,31737,170,-109,2147483647,2147483647,0,0,-1,-1,-1,2100,10758,1010,17:17:28,3472,742012.625
345,22.31304737,87.30855775,3,17:17:29,2.0,13,17:17:30,READY,airtel,40551.0,0,UMTS,IDLE,CONNECTED,OUT,20628159,1235029,0,4,0,-113,WCDMA,405,51,8823,4,31737,170,-109,2147483647,2147483647,0,0,-1,-1,-1,2100,10758,298,17:17:29,728,285535.21875
346,22.31305046,87.30857904,3,17:17:30,2.14,12,17:17:31,READY,airtel,40551.0,0,UMTS,IDLE,CONNECTED,OUT,20628159,1235077,0,4,0,-113,WCDMA,405,51,8823,4,31737,170,-109,2147483647,2147483647,0,0,-1,-1,-1,2100,10758,298,17:17:30,0,550019.9375
347,22.31305351,87.30860320000001,3,17:17:31,2.28,15,17:17:32,READY,airtel,40551.0,0,UMTS,IDLE,CONNECTED,NONE,20628159,1235437,0,4,0,-113,WCDMA,405,51,8823,0,-1,170,-113,2147483647,2147483647,0,0,-1,-1,-1,2100,10758,48,17:17:31,326,899124.875
348,22.31305694,87.30863147,2,17:17:32,2.41,15,17:17:33,READY,airtel,40551.0,0,UMTS,IDLE,CONNECTED,OUT,20628159,1235437,0,4,0,-113,WCDMA,405,51,8823,0,-1,170,-113,2147483647,2147483647,0,0,-1,-1,-1,2100,10758,360,17:17:32,76,756426.625
349,22.31305823,87.30865587,3,17:17:33,2.07,15,17:17:34,READY,airtel,40551.0,0,UMTS,IDLE,CONNECTED,NONE,20628159,1235437,0,4,0,-113,WCDMA,405,51,8823,0,-1,170,-113,2147483647,2147483647,0,0,-1,-1,-1,2100,10758,0,17:17:33,416,634029.875
350,22.31305866,87.30867924,3,17:17:34,2.13,15,17:17:35,READY,airtel,40551.0,0,UMTS,IDLE,CONNECTED,NONE,20628159,1235437,0,6,0,-113,WCDMA,405,51,8823,0,-1,170,-113,2147483647,2147483647,0,0,-1,-1,-1,2100,10758,0,17:17:34,0,798567.125
351,22.313058899999998,87.30870469,3,17:17:35,2.23,15,17:17:36,READY,airtel,40551.0,0,UMTS,IDLE,CONNECTED,NONE,20628159,1235735,0,6,0,-113,WCDMA,405,51,8823,0,-1,170,-113,2147483647,2147483647,0,0,-1,-1,-1,2100,10758,0,17:17:35,0,684981.75
352,22.31305981,87.30872912,2,17:17:36,2.28,15,17:17:37,READY,airtel,40551.0,0,UMTS,IDLE,CONNECTED,OUT,20628159,1235797,0,6,0,-113,WCDMA,405,51,8823,0,-1,170,-113,2147483647,2147483647,0,0,-1,-1,-1,2100,10758,298,17:17:36,0,481824.1875
353,22.31306056,87.30875516,2,17:17:37,2.32,15,17:17:38,READY,airtel,40551.0,0,UMTS,IDLE,CONNECTED,OUT,20628159,1235880,0,7,0,-111,WCDMA,405,51,8823,0,-1,170,-113,2147483647,2147483647,0,0,-1,-1,-1,2100,10758,62,17:17:37,326,592071.4375
354,22.31306146,87.30878078,2,17:17:38,2.34,14,17:17:39,READY,airtel,40551.0,0,UMTS,IDLE,CONNECTED,OUT,20628159,1236508,0,7,0,-111,WCDMA,405,51,8823,0,-1,170,-113,2147483647,2147483647,0,0,-1,-1,-1,2100,10758,83,17:17:38,201,798331.9375
355,22.31306257,87.30880528,1,17:17:39,2.4,14,17:17:40,READY,airtel,40551.0,0,UMTS,IDLE,CONNECTED,OUT,20628159,1236568,0,7,0,-111,WCDMA,405,51,8823,0,-1,170,-113,2147483647,2147483647,0,0,-1,-1,-1,2100,10758,628,17:17:39,400,1024806.625
356,22.31306424,87.30882937,1,17:17:40,2.26,14,17:17:41,READY,airtel,40551.0,0,UMTS,IDLE,CONNECTED,OUT,20628159,1236852,0,7,0,-51,WCDMA,405,51,8823,4,12616,170,-109,2147483647,2147483647,0,0,-1,-1,-1,2100,10758,60,17:17:40,400,435479.375
357,22.313067800000002,87.30884987,0,17:17:41,2.19,13,17:17:42,READY,airtel,40551.0,0,UMTS,IDLE,CONNECTED,OUT,20628159,1237502,0,7,0,-51,WCDMA,405,51,8823,4,12616,170,-109,2147483647,2147483647,0,0,-1,-1,-1,2100,10758,284,17:17:41,312,813065.75
358,22.31307131,87.30886893,-1,17:17:42,2.08,15,17:17:43,READY,airtel,40551.0,0,UMTS,IDLE,CONNECTED,OUT,20628159,1238050,0,7,0,-51,WCDMA,405,51,8823,4,12616,170,-109,2147483647,2147483647,0,0,-1,-1,-1,2100,10758,650,17:17:42,380,326295.0
359,22.31307432,87.30888827,-1,17:17:43,2.08,15,17:17:44,READY,airtel,40551.0,0,UMTS,IDLE,CONNECTED,OUT,20628159,1238050,0,5,0,-113,WCDMA,405,51,8823,0,-1,170,-111,2147483647,2147483647,0,0,-1,-1,-1,2100,10758,548,17:17:43,382,224066.75
360,22.31307595,87.30890823,-1,17:17:44,2.0,15,17:17:45,READY,airtel,40551.0,0,UMTS,IDLE,CONNECTED,NONE,20628159,1238314,0,5,0,-113,WCDMA,405,51,8823,0,-1,170,-111,2147483647,2147483647,0,0,-1,-1,-1,2100,10758,0,17:17:44,604,665240.59375
361,22.31307715,87.30893038,-1,17:17:45,2.12,15,17:17:46,READY,airtel,40551.0,0,UMTS,IDLE,CONNECTED,OUT,20628159,1238703,0,5,0,-113,WCDMA,405,51,8823,0,-1,170,-111,2147483647,2147483647,0,0,-1,-1,-1,2100,10758,264,17:17:45,0,337610.20535714284
362,22.31307881,87.30895404,-2,17:17:46,2.16,15,17:17:47,READY,airtel,40551.0,0,UMTS,IDLE,CONNECTED,NONE,20628159,1238765,0,6,0,-113,WCDMA,405,51,8823,4,31737,170,-111,2147483647,2147483647,0,0,-1,-1,-1,2100,10758,389,17:17:46,737,989122.75
363,22.31308185,87.30897871,-1,17:17:47,2.19,15,17:17:48,READY,airtel,40551.0,0,UMTS,IDLE,CONNECTED,NONE,20628159,1239049,0,6,0,-113,WCDMA,405,51,8823,4,31737,170,-111,2147483647,2147483647,0,0,-1,-1,-1,2100,10758,62,17:17:47,0,1643790.75
364,22.31308355,87.30900304,-2,17:17:48,2.23,14,17:17:49,READY,airtel,40551.0,0,UMTS,IDLE,CONNECTED,OUT,20628159,1239365,0,6,0,-113,WCDMA,405,51,8823,4,31737,170,-111,2147483647,2147483647,0,0,-1,-1,-1,2100,10758,284,17:17:48,90,400317.0625
365,22.31308569,87.30902804,-2,17:17:49,2.32,14,17:17:50,READY,airtel,40551.0,0,UMTS,IDLE,CONNECTED,OUT,20628211,1239365,0,7,0,-113,WCDMA,405,51,8823,4,31737,170,-109,2147483647,2147483647,0,0,-1,-1,-1,2100,10758,316,17:17:49,392,343115.53125
366,22.3130892,87.30905376,-1,17:17:50,2.24,13,17:17:51,READY,airtel,40551.0,0,UMTS,IDLE,CONNECTED,IN,20628211,1239365,0,7,0,-113,WCDMA,405,51,8823,4,31737,170,-109,2147483647,2147483647,0,0,-1,-1,-1,2100,10758,52,17:17:50,292,679722.5
367,22.31309408,87.30907652,-2,17:17:51,2.1,14,17:17:52,READY,airtel,40551.0,0,UMTS,IDLE,CONNECTED,OUT,20628211,1239479,0,7,0,-113,WCDMA,405,51,8823,4,31737,170,-109,2147483647,2147483647,0,0,-1,-1,-1,2100,10758,0,17:17:51,76,245002.0
368,22.31309844,87.30910197,-1,17:17:52,2.46,14,17:17:53,READY,airtel,40551.0,0,UMTS,IDLE,CONNECTED,NONE,20628211,1239479,0,6,0,-113,WCDMA,405,51,8823,4,31737,170,-113,2147483647,2147483647,0,0,-1,-1,-1,2100,10758,114,17:17:52,80,820180.25
369,22.31310074,87.30912626,-1,17:17:53,2.24,14,17:17:54,READY,airtel,40551.0,0,UMTS,IDLE,CONNECTED,OUT,20628211,1239599,0,6,0,-113,WCDMA,405,51,8823,4,31737,170,-113,2147483647,2147483647,0,0,-1,-1,-1,2100,10758,0,17:17:53,90,368067.9375
370,22.31310206,87.30915108,-1,17:17:54,2.36,14,17:17:55,READY,airtel,40551.0,0,HSPA+,IDLE,CONNECTED,INOUT,20631428,1242796,0,6,0,-113,WCDMA,405,51,8823,4,31737,170,-113,2147483647,2147483647,0,0,-1,-1,-1,2100,10758,120,17:17:54,176,922576.26875
371,22.31310394,87.3091806,-3,17:17:55,2.46,14,17:17:56,READY,airtel,40551.0,0,HSPA+,IDLE,CONNECTED,INOUT,20632714,1243930,0,7,0,-107,WCDMA,405,51,8823,4,12616,299,-109,2147483647,2147483647,0,0,-1,-1,-1,2100,10758,6414,17:17:55,484,510898.875
372,22.31310528,87.30920958,-3,17:17:56,2.44,14,17:17:57,READY,airtel,40551.0,0,HSPA+,IDLE,CONNECTED,INOUT,20632714,1243930,0,7,0,-107,WCDMA,405,51,8823,4,12616,299,-109,2147483647,2147483647,0,0,-1,-1,-1,2100,10758,2420,17:17:56,7973,993960.375
373,22.31310601,87.30923798,-3,17:17:57,2.37,14,17:17:58,READY,airtel,40551.0,0,HSPA+,IDLE,CONNECTED,NONE,20632714,1243930,0,7,0,-107,WCDMA,405,51,8823,4,12616,299,-109,2147483647,2147483647,0,0,-1,-1,-1,2100,10758,0,17:17:57,2598,1264565.5
374,22.31310581,87.30926322,-3,17:17:58,2.2,14,17:17:59,READY,airtel,40551.0,0,HSPA+,IDLE,CONNECTED,NONE,20632714,1243930,0,6,0,-111,WCDMA,405,51,8823,4,12616,299,-107,2147483647,2147483647,1,0,-1,-1,-1,2100,10758,0,17:17:58,0,619565.4166666666
375,22.31310596,87.30928766,2,17:17:59,1.91,14,17:18:00,READY,airtel,40551.0,0,HSPA+,IDLE,CONNECTED,NONE,20632714,1243930,0,6,0,-111,WCDMA,405,51,8823,4,12616,299,-107,2147483647,2147483647,1,0,-1,-1,-1,2100,10758,0,17:17:59,0,1019233.4270833333
376,22.31310657,87.30930998,1,17:18:00,1.97,14,17:18:01,READY,airtel,40551.0,0,HSPA+,IDLE,CONNECTED,NONE,20632714,1243930,0,6,0,-111,WCDMA,405,51,8823,4,12616,299,-107,2147483647,2147483647,1,0,-1,-1,-1,2100,10758,0,17:18:00,0,636753.15625
377,22.3131064,87.30933273,0,17:18:01,2.04,14,17:18:02,READY,airtel,40551.0,0,HSPA+,IDLE,CONNECTED,NONE,20632714,1243930,0,6,0,-113,WCDMA,405,51,8823,4,12616,299,-109,2147483647,2147483647,0,0,-1,-1,-1,2100,10758,0,17:18:01,0,884492.40625
378,22.31310717,87.30935567,-1,17:18:02,2.19,14,17:18:03,READY,airtel,40551.0,0,HSPA+,IDLE,CONNECTED,NONE,20632714,1243930,0,6,0,-113,WCDMA,405,51,8823,4,12616,299,-109,2147483647,2147483647,0,0,-1,-1,-1,2100,10758,0,17:18:02,0,1643790.75
379,22.31310973,87.30938212,-2,17:18:03,2.47,14,17:18:04,READY,airtel,40551.0,0,HSPA+,IDLE,CONNECTED,NONE,20632714,1243930,0,6,0,-113,WCDMA,405,51,8823,4,12616,299,-109,2147483647,2147483647,0,0,-1,-1,-1,2100,10758,0,17:18:03,0,1483413.125
380,22.31311154,87.30940671,-2,17:18:04,2.39,14,17:18:05,READY,airtel,40551.0,0,HSPA+,IDLE,CONNECTED,NONE,20632714,1243930,0,0,0,-115,WCDMA,405,51,8823,4,12616,299,-109,2147483647,2147483647,0,0,-1,-1,-1,2100,10758,0,17:18:04,0,585196.875
381,22.31311164,87.30942815,-1,17:18:05,1.84,14,17:18:06,READY,airtel,40551.0,0,HSPA+,IDLE,CONNECTED,NONE,20632714,1243930,0,0,0,-106,WCDMA,405,51,8823,4,12616,299,-109,2147483647,2147483647,0,0,-1,-1,-1,2100,10758,0,17:18:05,0,644067.125
382,22.31310902,87.30944813,-1,17:18:06,1.74,15,17:18:07,READY,airtel,40551.0,0,HSPA+,IDLE,CONNECTED,DORMANT,20632714,1243930,0,0,0,-117,WCDMA,405,51,8823,4,12616,299,-109,2147483647,2147483647,0,0,-1,-1,-1,2100,10758,0,17:18:06,0,312323.0
383,22.31310322,87.30946901,0,17:18:07,1.96,15,17:18:08,READY,airtel,40551.0,0,HSPA+,IDLE,CONNECTED,DORMANT,20632714,1243930,0,0,0,-113,WCDMA,405,51,8823,4,12616,299,-109,2147483647,2147483647,0,0,-1,-1,-1,2100,10758,0,17:18:07,0,500850.25
384,22.31309584,87.30949038,0,17:18:08,1.95,15,17:18:09,READY,airtel,40551.0,0,HSPA+,IDLE,CONNECTED,DORMANT,20632714,1243930,0,0,0,-117,WCDMA,405,51,8823,4,12616,299,-109,2147483647,2147483647,0,0,-1,-1,-1,2100,10758,0,17:18:08,0,185263.96875
385,22.31309176,87.3095114,1,17:18:09,1.93,15,17:18:10,READY,airtel,40551.0,0,HSPA+,IDLE,CONNECTED,DORMANT,20632714,1243930,0,0,0,-109,WCDMA,405,51,8823,4,12616,299,-109,2147483647,2147483647,0,0,-1,-1,-1,2100,10758,0,17:18:09,0,583695.375
386,22.31309236,87.30953715,0,17:18:10,2.42,15,17:18:11,READY,airtel,40551.0,0,UMTS,IDLE,CONNECTED,NONE,20632714,1243930,0,0,0,-116,WCDMA,405,51,8823,4,31737,170,-109,2147483647,2147483647,0,0,-1,-1,-1,2100,10758,0,17:18:10,0,577004.75
387,22.31309494,87.30956565,1,17:18:11,2.45,14,17:18:12,READY,airtel,40551.0,0,UMTS,IDLE,CONNECTED,NONE,20632714,1243930,0,0,0,-115,WCDMA,405,51,8823,4,31737,170,-109,2147483647,2147483647,0,0,-1,-1,-1,2100,10758,0,17:18:11,0,828396.90625
388,22.31309968,87.30959541,0,17:18:12,2.55,13,17:18:13,READY,airtel,40551.0,0,UMTS,IDLE,CONNECTED,NONE,20632714,1243930,0,0,0,-114,WCDMA,405,51,8823,4,31737,170,-109,2147483647,2147483647,0,0,-1,-1,-1,2100,10758,0,17:18:12,0,1083880.125
389,22.31310364,87.30962286,0,17:18:13,2.39,13,17:18:14,READY,airtel,40551.0,0,UMTS,IDLE,CONNECTED,NONE,20632714,1243930,0,0,0,-114,WCDMA,405,51,8823,4,31737,170,-109,2147483647,2147483647,0,0,-1,-1,-1,2100,10758,0,17:18:13,0,605168.125
390,22.31310809,87.30965032,0,17:18:14,2.42,14,17:18:15,READY,airtel,40551.0,0,UMTS,IDLE,CONNECTED,NONE,20632714,1243930,0,0,0,-117,WCDMA,405,51,8823,4,31737,170,-109,2147483647,2147483647,0,0,-1,-1,-1,2100,10758,0,17:18:14,0,438807.71875
391,22.31311134,87.30967722,0,17:18:15,2.57,14,17:18:16,READY,airtel,40551.0,0,UMTS,IDLE,CONNECTED,NONE,20632714,1243930,0,4,0,-113,WCDMA,405,51,8823,4,31737,170,-113,2147483647,2147483647,0,0,-1,-1,-1,2100,10758,0,17:18:15,0,1508592.375
392,22.31311586,87.30970098,-1,17:18:16,2.45,15,17:18:17,READY,airtel,40551.0,0,UMTS,IDLE,CONNECTED,DORMANT,20632714,1243930,0,4,0,-113,WCDMA,405,51,8823,4,31737,170,-113,2147483647,2147483647,0,0,-1,-1,-1,2100,10758,0,17:18:16,0,766791.59375
393,22.31312074,87.30972743,-1,17:18:17,2.71,15,17:18:18,READY,airtel,40551.0,0,UMTS,IDLE,CONNECTED,DORMANT,20632714,1243930,0,4,0,-113,WCDMA,405,51,8823,4,31737,170,-113,2147483647,2147483647,0,0,-1,-1,-1,2100,10758,0,17:18:17,0,1060552.9375
394,22.31312394,87.30975178,-2,17:18:18,2.62,15,17:18:19,READY,airtel,40551.0,0,UMTS,IDLE,CONNECTED,DORMANT,20632714,1243930,0,0,0,-107,WCDMA,405,51,8823,4,31737,170,-113,2147483647,2147483647,0,0,-1,-1,-1,2100,10758,0,17:18:18,0,356407.625
395,22.31312595,87.30977541,-3,17:18:19,2.65,15,17:18:20,READY,airtel,40551.0,0,UMTS,IDLE,CONNECTED,DORMANT,20632714,1243930,0,0,0,-114,WCDMA,405,51,8823,4,31737,170,-113,2147483647,2147483647,0,0,-1,-1,-1,2100,10758,0,17:18:19,0,631154.1875
396,22.31312856,87.30980155,-3,17:18:20,2.69,15,17:18:21,READY,,,0,UMTS,IDLE,CONNECTED,DORMANT,20632714,1243930,0,0,0,-111,WCDMA,405,51,8823,4,31737,170,-113,2147483647,2147483647,0,0,-1,-1,-1,2100,10758,0,17:18:20,0,1234282.875
397,22.313131100000003,87.30983001,-3,17:18:21,2.77,15,17:18:22,NOT_READY,-1,-1.0,-1,UNKNOWN,UNKNOWN,UNKNOWN,UNKNOWN,0,0,0,0,0,-111,UNKNOWN,2147483647,2147483647,2147483647,2147483647,2147483647,2147483647,2147483647,2147483647,2147483647,2147483647,0,-1,-1,-1,-1,2147483647,0,17:18:21,0,1535176.875
398,22.31313364,87.30985881,-3,17:18:22,2.74,15,17:18:23,READY,airtel,40551.0,0,UMTS,IDLE,CONNECTED,NONE,20632714,1244329,0,0,0,-111,WCDMA,405,51,8823,4,12616,299,2147483647,2147483647,2147483647,2147483647,0,-1,-1,-1,-1,2147483647,-21876644,17:18:22,0,1583586.375
399,22.31313603,87.30988627,-3,17:18:23,2.58,15,17:18:24,READY,airtel,40551.0,0,UMTS,IDLE,CONNECTED,NONE,20632714,1244329,0,0,0,-106,WCDMA,405,51,8823,4,12616,299,-111,2147483647,2147483647,0,0,-1,-1,-1,2100,10758,21877043,17:18:23,428,955635.625
400,22.31313897,87.30991281,-3,17:18:24,2.78,15,17:18:25,READY,airtel,40551.0,0,UMTS,IDLE,CONNECTED,NONE,20632714,1244412,0,0,0,-107,WCDMA,405,51,8823,4,12616,299,-111,2147483647,2147483647,0,0,-1,-1,-1,2100,10758,0,17:18:24,111,393342.0
401,22.31314102,87.30993901,-4,17:18:25,2.67,15,17:18:26,READY,airtel,40551.0,0,UMTS,IDLE,CONNECTED,OUT,20632714,1244412,0,0,0,-110,WCDMA,405,51,8823,4,12616,299,-111,2147483647,2147483647,0,0,-1,-1,-1,2100,10758,83,17:18:25,0,911119.5
402,22.31314181,87.30996518,-3,17:18:26,2.54,15,17:18:27,READY,airtel,40551.0,0,UMTS,IDLE,CONNECTED,NONE,20632714,1244479,0,2,0,-113,WCDMA,405,51,8823,4,12616,299,-113,2147483647,2147483647,0,0,-1,-1,-1,2100,10758,0,17:18:26,111,1389507.5
403,22.31314327,87.30998812,-4,17:18:27,2.22,15,17:18:28,READY,airtel,40551.0,0,UMTS,IDLE,CONNECTED,NONE,20632714,1244479,0,2,0,-113,WCDMA,405,51,8823,4,12616,299,-113,2147483647,2147483647,0,0,-1,-1,-1,2100,10758,67,17:18:27,0,440466.375
404,22.31314532,87.31000962,-4,17:18:28,2.26,15,17:18:29,READY,airtel,40551.0,0,HSPA+,IDLE,CONNECTED,OUT,20632714,1244562,0,2,0,-113,WCDMA,405,51,8823,4,12616,299,-113,2147483647,2147483647,0,0,-1,-1,-1,2100,10758,0,17:18:28,95,481625.4375
405,22.31314763,87.31003051,-3,17:18:29,2.15,15,17:18:30,READY,airtel,40551.0,0,HSPA+,IDLE,CONNECTED,NONE,20632714,1244562,0,2,0,-113,WCDMA,405,51,8823,4,12616,299,-107,2147483647,2147483647,1,0,-1,-1,-1,2100,10758,83,17:18:29,0,857441.625
406,22.31314952,87.31004975,-2,17:18:30,1.96,15,17:18:31,READY,airtel,40551.0,0,HSPA+,IDLE,CONNECTED,NONE,20632714,1244562,0,2,0,-113,WCDMA,405,51,8823,4,12616,299,-107,2147483647,2147483647,1,0,-1,-1,-1,2100,10758,0,17:18:30,111,693193.0
407,22.31315188,87.31006916,-2,17:18:31,2.01,15,17:18:32,READY,airtel,40551.0,0,HSPA+,IDLE,CONNECTED,NONE,20632714,1244629,0,2,0,-113,WCDMA,405,51,8823,4,12616,299,-107,2147483647,2147483647,1,0,-1,-1,-1,2100,10758,0,17:18:31,0,557654.2395833334
408,22.31315619,87.31009024,-3,17:18:32,2.17,15,17:18:33,READY,airtel,40551.0,0,HSPA+,IDLE,CONNECTED,NONE,20632714,1244629,0,2,0,-113,WCDMA,405,51,8823,4,12616,299,-109,2147483647,2147483647,0,0,-1,-1,-1,2100,10758,67,17:18:32,0,1233178.0
409,22.31315928,87.31011093,-2,17:18:33,2.01,15,17:18:34,READY,airtel,40551.0,0,HSPA+,IDLE,CONNECTED,NONE,20632714,1244629,0,2,0,-113,WCDMA,405,51,8823,4,12616,299,-109,2147483647,2147483647,0,0,-1,-1,-1,2100,10758,0,17:18:33,95,557654.2395833334
410,22.31316116,87.31013182,-2,17:18:34,2.14,15,17:18:35,READY,airtel,40551.0,0,HSPA+,IDLE,CONNECTED,NONE,20632714,1244629,0,2,0,-113,WCDMA,405,51,8823,4,12616,299,-109,2147483647,2147483647,0,0,-1,-1,-1,2100,10758,0,17:18:34,0,974730.25
411,22.31316288,87.31015536,-2,17:18:35,2.26,15,17:18:36,READY,airtel,40551.0,0,HSPA+,IDLE,CONNECTED,OUT,20632714,1244712,0,2,0,-113,WCDMA,405,51,8823,4,12616,299,-109,2147483647,2147483647,0,0,-1,-1,-1,2100,10758,0,17:18:35,0,481625.4375
412,22.31316381,87.31017971,-2,17:18:36,2.33,15,17:18:37,READY,airtel,40551.0,0,HSPA+,IDLE,CONNECTED,NONE,20632714,1244779,0,2,0,-113,WCDMA,405,51,8823,4,12616,299,-109,2147483647,2147483647,0,0,-1,-1,-1,2100,10758,83,17:18:36,0,905732.01875
413,22.31316482,87.31020442,-2,17:18:37,2.26,15,17:18:38,READY,airtel,40551.0,0,HSPA+,IDLE,CONNECTED,NONE,20632714,1244779,0,2,0,-113,WCDMA,405,51,8823,4,12616,299,-109,2147483647,2147483647,0,0,-1,-1,-1,2100,10758,67,17:18:37,111,895097.875
414,22.31316612,87.31022601,-2,17:18:38,1.83,15,17:18:39,READY,airtel,40551.0,0,HSPA+,IDLE,CONNECTED,NONE,20632714,1244779,0,2,0,-113,WCDMA,405,51,8823,4,12616,299,-113,2147483647,2147483647,0,0,-1,-1,-1,2100,10758,0,17:18:38,95,524436.4895833333
415,22.31316721,87.31024258,-2,17:18:39,1.65,15,17:18:40,READY,airtel,40551.0,0,HSPA+,IDLE,CONNECTED,NONE,20632714,1244779,0,2,0,-113,WCDMA,405,51,8823,4,12616,299,-113,2147483647,2147483647,0,0,-1,-1,-1,2100,10758,0,17:18:39,0,421725.46875
416,22.31316772,87.31025624,-2,17:18:40,1.28,15,17:18:41,READY,airtel,40551.0,0,HSPA+,IDLE,CONNECTED,NONE,20632714,1244779,0,2,0,-113,WCDMA,405,51,8823,4,12616,299,-113,2147483647,2147483647,0,0,-1,-1,-1,2100,10758,0,17:18:40,0,624749.84375
417,22.31316915,87.31026794,-3,17:18:41,1.08,15,17:18:42,READY,airtel,40551.0,0,HSPA+,IDLE,CONNECTED,OUT,20633068,1245198,0,2,0,-113,WCDMA,405,51,8823,4,12616,299,-111,2147483647,2147483647,0,0,-1,-1,-1,2100,10758,0,17:18:41,0,275969.75
418,22.31317087,87.31027847,-4,17:18:42,1.17,15,17:18:43,READY,airtel,40551.0,0,HSPA+,IDLE,CONNECTED,INOUT,20633128,1245474,0,2,0,-113,WCDMA,405,51,8823,4,12616,299,-111,2147483647,2147483647,0,0,-1,-1,-1,2100,10758,773,17:18:42,0,682909.09375
419,22.31317164,87.31029153,-4,17:18:43,1.34,15,17:18:44,READY,airtel,40551.0,0,HSPA+,IDLE,CONNECTED,OUT,20633128,1245698,0,2,0,-113,WCDMA,405,51,8823,4,12616,299,-111,2147483647,2147483647,0,0,-1,-1,-1,2100,10758,336,17:18:43,963,276208.34375
420,22.31316968,87.31030831,-3,17:18:44,1.68,15,17:18:45,READY,airtel,40551.0,0,UMTS,IDLE,CONNECTED,NONE,20633128,1245698,0,0,0,-114,WCDMA,405,51,8823,4,65128,472,-111,2147483647,2147483647,0,0,-1,-1,-1,2100,10758,224,17:18:44,416,918993.5
421,22.31316348,87.31032667,-3,17:18:45,1.72,15,17:18:46,READY,airtel,40551.0,0,HSPA+,IDLE,CONNECTED,INOUT,20636883,1246275,0,0,0,-103,WCDMA,405,51,8823,4,65128,472,-111,2147483647,2147483647,0,0,-1,-1,-1,2100,10758,0,17:18:45,252,488782.5
422,22.31315195,87.31034462,-4,17:18:46,1.97,15,17:18:47,READY,airtel,40551.0,0,HSPA+,IDLE,CONNECTED,INOUT,20637696,1246762,0,0,0,-114,WCDMA,405,51,8823,4,65128,472,-111,2147483647,2147483647,0,0,-1,-1,-1,2100,10758,4332,17:18:46,252,522543.2838541666
423,22.31313581,87.31036019,-4,17:18:47,2.05,15,17:18:48,READY,airtel,40551.0,0,HSPA+,IDLE,CONNECTED,NONE,20637696,1246762,0,4,0,-107,WCDMA,405,51,8823,4,65128,472,-111,2147483647,2147483647,0,0,-1,-1,-1,2100,10758,1300,17:18:47,4397,460446.5
424,22.31311596,87.31037254,-4,17:18:48,2.22,15,17:18:49,READY,airtel,40551.0,0,HSPA+,IDLE,CONNECTED,NONE,20637696,1246762,0,4,0,-107,WCDMA,405,51,8823,4,65128,472,-111,2147483647,2147483647,0,0,-1,-1,-1,2100,10758,0,17:18:48,1483,285401.9375
425,22.31309346,87.31038136,-3,17:18:49,2.27,15,17:18:50,READY,airtel,40551.0,0,HSPA+,IDLE,CONNECTED,NONE,20637696,1246845,0,4,0,-107,WCDMA,405,51,8823,4,65128,472,-111,2147483647,2147483647,0,0,-1,-1,-1,2100,10758,0,17:18:49,0,285535.75
426,22.31307047,87.31038658,-4,17:18:50,2.24,15,17:18:51,READY,airtel,40551.0,0,HSPA+,IDLE,CONNECTED,INOUT,20637736,1246845,0,2,0,-111,WCDMA,405,51,8823,4,65128,472,-107,2147483647,2147483647,1,0,-1,-1,-1,2100,10758,83,17:18:50,0,840659.625
427,22.3130474,87.31038971,-4,17:18:51,2.32,15,17:18:52,READY,airtel,40551.0,0,HSPA+,IDLE,CONNECTED,NONE,20637736,1246845,0,2,0,-111,WCDMA,405,51,8823,4,65128,472,-107,2147483647,2147483647,1,0,-1,-1,-1,2100,10758,40,17:18:51,111,952291.90625
